SLICES,Vickers Hardness,crystal_system
o x n OOC e OOO o C C C C C C C C C C C C C C C C C C 0 1 o+o 0 16 ooo 0 14 o+o 1 5 o-- 1 15 ooo 2 12 o+o 2 11 ooo 2 7 ooo 2 17 ++o 3 4 -oo 3 11 -oo 3 13 ooo 4 12 ooo 4 8 +oo 5 9 -oo 5 14 -++ 5 17 o+o 6 10 ooo 6 17 ooo 6 7 ooo 7 9 ooo 8 14 -oo 8 11 --o 8 15 ooo 9 10 +oo 10 14 -o+ 11 16 ooo 12 13 o-o 13 17 o+o 15 16 ooo ,33.61613756,trigonal
o z o C C C C C C C C C C C C C C C C C C C C C C C C C C C C C C C C C C C C C C C C 0 10 ooo 0 17 oo+ 0 38 oo+ 0 21 o+o 1 25 -oo 1 16 ooo 1 13 ooo 1 22 ooo 2 39 ooo 2 19 oo- 2 8 ooo 2 23 +oo 3 15 -oo 3 20 o+o 3 18 -oo 3 27 ooo 4 37 o-o 4 19 ooo 4 12 ooo 4 21 ooo 5 9 --o 5 31 ooo 5 20 ooo 5 16 ooo 6 36 ooo 6 23 ooo 6 14 ooo 6 17 ooo 7 11 ooo 7 22 ooo 7 29 ooo 7 18 ooo 8 29 ooo 8 25 ooo 8 36 +oo 9 30 ooo 9 17 ooo 9 24 ooo 10 31 ooo 10 27 ooo 10 37 ooo 11 28 ooo 11 26 ooo 11 19 ooo 12 27 o-o 12 39 oo+ 12 29 oo+ 13 24 --o 13 23 o-o 13 28 ooo 14 31 oo- 14 25 -oo 14 38 ooo 15 30 ooo 15 26 ooo 15 21 o+o 16 34 ooo 16 26 ooo 17 29 o+o 18 24 ooo 18 35 +oo 19 31 +oo 20 28 ooo 20 33 ooo 21 25 oo+ 22 30 ooo 22 32 ooo 23 27 oo- 24 32 ooo 26 33 ooo 28 35 o-o 30 34 ooo 32 38 ooo 32 39 ooo 33 38 oo+ 33 39 oo+ 34 36 ooo 34 37 ooo 35 36 ooo 35 37 ooo ,66.22074521,triclinic
o v a DDD b DOD c ODD d OOO o C C C C C C C C C C C C C C 0 9 oo+ 0 13 o+o 0 11 +oo 0 1 +++ 1 8 ooo 1 10 ooo 1 12 ooo 2 8 o-o 2 10 ooo 2 3 ooo 2 13 ooo 3 11 o-- 3 12 ooo 3 9 o-o 4 12 -oo 4 5 ooo 4 8 ooo 4 11 ooo 5 9 --o 5 13 -oo 5 10 ooo 6 10 oo- 6 7 ooo 6 12 ooo 6 9 ooo 7 13 -o- 7 11 oo- 7 8 ooo ,60.00885617,cubic
+ v a DDD b OOO g OOO c OOD o C C C C C C C C C C C C C C C C C C C C C C C C C C C C C C C C C C 0 7 oo- 0 16 +oo 0 26 ooo 0 5 +oo 1 27 ooo 1 4 ooo 1 17 ooo 1 6 o++ 2 28 ooo 2 5 +oo 2 6 o+o 2 18 o+o 3 19 ooo 3 4 ooo 3 29 ooo 3 7 ooo 4 20 ooo 4 30 ooo 5 31 o+o 5 21 ooo 6 32 ooo 6 22 ooo 7 23 ooo 7 33 +oo 8 13 -oo 8 27 ooo 8 23 -oo 8 15 oo+ 9 14 o-- 9 22 ooo 9 26 ooo 9 12 ooo 10 21 o-o 10 13 -oo 10 14 o-o 10 29 ooo 11 28 ooo 11 12 ooo 11 15 ooo 11 20 ooo 12 31 ooo 12 19 ooo 13 18 ooo 13 30 o-o 14 17 ooo 14 33 ooo 15 32 -oo 15 16 ooo 16 22 -oo 16 24 ooo 17 24 ooo 17 23 -oo 18 25 ooo 18 20 o-o 19 25 ooo 19 21 o-o 20 24 ooo 21 24 ooo 22 25 ooo 23 25 ooo 26 29 oo- 26 28 ooo 27 29 ooo 27 28 oo+ 30 33 +oo 30 32 o++ 31 33 o-- 31 32 -oo ,68.38731334,tetragonal
o w n OOC b OOD e OOC o C C C C C C C C C C C C C C C C C C 0 17 ooo 0 4 o+o 0 6 ooo 0 5 ooo 1 5 -o- 1 3 o+o 1 15 ooo 1 8 o+- 2 7 -oo 2 4 -oo 2 16 ooo 2 3 ooo 3 9 ooo 3 14 ooo 4 12 ooo 4 11 o-o 5 13 oo+ 5 10 +oo 6 14 ooo 6 11 ooo 6 10 +oo 7 11 o-o 7 13 ooo 7 9 +oo 8 10 o-o 8 9 oo+ 8 12 ooo 9 17 oo- 10 16 ooo 11 15 ooo 12 14 ooo 12 13 oo+ 13 14 ooo 15 16 ooo 15 17 oo- 16 17 ooo ,66.92815639,hexagonal
o w b OOD g DDB c DDB o C C C C C C C C C C C C C C C C C C C C C C C C C C C C C C C C 0 13 ooo 0 24 oo- 0 2 ooo 0 7 ooo 1 26 ooo 1 8 ooo 1 7 ooo 1 29 ooo 2 10 o-o 2 14 ooo 2 25 ooo 3 31 ooo 3 27 oo+ 3 5 oo+ 3 4 ooo 4 6 ooo 4 28 ooo 4 9 ooo 5 25 ooo 5 12 oo- 5 30 ooo 6 29 ooo 6 10 ooo 6 14 o++ 7 31 ooo 7 27 ooo 8 16 ooo 8 15 ooo 8 10 ooo 9 21 oo+ 9 18 +oo 9 15 +oo 10 17 o+o 11 19 ooo 11 12 oo- 11 23 +-- 11 13 +oo 12 14 oo+ 12 20 ooo 13 22 -oo 13 17 ooo 14 21 o-o 15 19 -+o 15 23 ooo 16 18 oo- 16 23 oo- 16 29 oo- 17 23 o-o 17 24 ooo 18 30 -o+ 18 26 ooo 19 21 o-o 19 20 ooo 20 25 ooo 20 22 ooo 21 28 ooo 22 30 ooo 22 26 +oo 24 26 ooo 24 31 ooo 25 31 ooo 27 29 oo- 27 28 ooo 28 30 ooo ,77.99193335,tetragonal
+ x a ECC n OOO o C C C C C C C C C C C C C C C C C C C C C C C C 0 13 ooo 0 5 ooo 0 2 ooo 0 10 +oo 1 12 ooo 1 18 o+o 1 8 ooo 1 15 o+o 2 4 o-o 2 21 +oo 2 7 +oo 3 19 -oo 3 23 oo- 3 10 oo- 3 13 o+o 4 17 ooo 4 6 ooo 4 9 ooo 5 16 ooo 5 19 oo+ 5 22 oo+ 6 8 oo- 6 13 o+o 6 11 o+o 7 15 -oo 7 17 oo+ 7 23 o-o 8 10 ooo 8 21 ooo 9 20 ooo 9 14 +oo 9 23 +oo 10 17 oo+ 11 15 oo- 11 19 o-o 11 21 +oo 12 22 -oo 12 14 ooo 12 17 ooo 13 20 ooo 14 19 -oo 14 16 o+o 15 22 oo+ 16 21 ooo 16 18 ooo 18 23 o-o 18 20 oo+ 20 22 ooo ,58.6387388,trigonal
o z o C C C C C C C C C C C C C C C C C C C C C C C C 0 19 ooo 0 6 ooo 0 20 +oo 0 7 +oo 1 17 o+o 1 21 ooo 1 7 ooo 1 18 -oo 2 8 ooo 2 7 +oo 2 17 +oo 2 22 +oo 3 8 o+o 3 10 o++ 3 16 ooo 3 9 o++ 4 16 oo- 4 11 ooo 4 10 ooo 4 15 ooo 5 13 --o 5 17 ooo 5 14 o-o 5 11 ooo 6 11 ooo 6 13 ooo 6 18 ooo 7 12 ooo 8 23 ooo 8 12 o-o 9 21 +-- 9 13 o-o 9 22 +o- 10 21 o-- 10 14 o-o 11 20 ooo 12 18 ooo 12 19 o+o 13 19 o+o 14 20 ooo 14 19 o+o 15 21 +o- 15 22 +o- 15 20 +oo 16 22 ooo 16 23 ooo 17 23 ooo 18 23 ooo ,83.86815116,triclinic
o v a DDD b OOO m OOO j OOD o C C C C C C C C C C C C C C C C C C C C C C C C 0 6 oo- 0 18 -oo 0 9 o+o 0 10 o+o 1 14 ooo 1 19 ooo 1 6 ooo 1 22 o++ 2 13 o-o 2 8 ooo 2 11 ooo 2 23 +oo 3 7 ooo 3 21 ooo 3 6 +oo 3 9 +++ 4 19 +o- 4 9 +oo 4 22 ooo 4 17 +oo 5 8 ooo 5 20 +oo 5 11 ooo 5 16 ooo 6 12 o++ 7 13 ooo 7 16 ooo 7 23 ooo 8 22 ooo 8 17 o-o 9 15 oo- 10 20 o-o 10 13 --o 10 16 ooo 11 14 o-o 11 19 +oo 12 21 oo- 12 22 ooo 12 18 ooo 13 18 ooo 14 20 ooo 14 23 ooo 15 21 ooo 15 19 ooo 15 18 oo+ 16 21 ooo 17 20 ooo 17 23 ooo ,59.23579843,tetragonal
o x n OOO l OOD o C C C C C C C C C C C C C C C C C C C C C C C C C C C C C C C C C C C C 0 5 ooo 0 11 ooo 0 10 ooo 0 17 +oo 1 5 ooo 1 8 ooo 1 2 o-o 1 14 ooo 2 13 ooo 2 21 oo+ 2 7 ooo 3 20 ooo 3 4 ooo 3 15 +oo 3 9 o-o 4 16 ooo 4 10 ooo 4 12 ooo 5 12 -oo 5 6 ooo 6 17 o-o 6 11 o-o 6 16 ooo 7 11 ooo 7 14 ooo 7 8 ++o 8 13 ooo 8 33 oo+ 9 32 ooo 9 10 ooo 9 15 ++o 10 16 ooo 11 12 o+o 12 17 +oo 13 14 -oo 13 17 ooo 14 27 oo+ 15 26 ooo 15 16 ooo 18 23 ooo 18 28 ooo 18 35 o+o 18 29 ooo 19 20 -oo 19 23 ooo 19 26 ooo 19 32 ooo 20 31 ooo 20 25 ooo 21 27 -oo 21 33 o+o 21 22 ooo 22 30 ooo 22 34 ooo 22 28 ooo 23 24 ooo 23 30 o-o 24 35 -oo 24 29 -oo 24 34 ooo 25 29 ooo 25 32 ooo 25 26 ++o 26 31 ooo 27 28 ooo 27 33 ++o 28 34 ooo 29 30 +oo 30 35 o+o 31 32 o-o 31 35 ooo 33 34 ooo ,69.73482235,trigonal
+ x n OOO e OOO o C C C C C C C C C C C C C C C C C C C C C C C C C C C C C C C C C C C C C C C C C C C C C C C C C C C C C C C C C C C C 0 21 o-o 0 2 o-o 0 55 ooo 0 50 ooo 1 24 o-o 1 56 ooo 1 20 o-o 1 51 ooo 2 47 ooo 2 57 o+o 2 22 o++ 3 24 o-o 3 58 ooo 3 23 o-o 3 53 ooo 4 49 --o 4 59 ooo 4 23 o-o 4 21 o-o 5 50 ooo 5 45 ooo 5 7 +oo 5 16 +oo 6 51 ooo 6 46 ooo 6 19 +oo 6 15 +oo 7 17 -o+ 7 52 --o 7 57 ooo 8 53 ooo 8 48 ooo 8 19 +oo 8 18 +oo 9 54 ooo 9 18 +oo 9 59 +oo 9 16 +oo 10 55 ooo 10 26 ooo 10 12 ooo 10 45 ooo 11 56 ooo 11 25 ooo 11 29 ooo 11 46 ooo 12 52 ooo 12 27 oo+ 12 47 +oo 13 58 ooo 13 29 ooo 13 28 ooo 13 48 ooo 14 28 ooo 14 26 ooo 14 54 o+o 14 49 ooo 15 17 -oo 15 35 ooo 15 40 ooo 16 36 ooo 16 41 ooo 17 32 ooo 17 42 +oo 18 38 ooo 18 43 ooo 19 34 --o 19 44 ooo 20 35 ooo 20 22 o+o 20 30 ooo 21 36 ooo 21 31 ooo 22 37 --o 22 42 ooo 23 38 ooo 23 33 ooo 24 39 ooo 24 44 o+o 25 40 ooo 25 30 ooo 25 27 ooo 26 41 ooo 26 31 ooo 27 32 o+o 27 37 ooo 28 43 ooo 28 33 ooo 29 34 ooo 29 39 +oo 30 32 o+o 30 51 o+o 31 50 o+o 31 54 o+o 32 52 o-- 33 53 o+o 33 54 o+o 34 51 o+o 34 53 o+o 35 46 -oo 35 37 -oo 36 45 -oo 36 49 -oo 37 47 +o- 38 48 -oo 38 49 -oo 39 46 -oo 39 48 -oo 40 42 ooo 40 56 ooo 41 59 ooo 41 55 ooo 42 57 oo- 43 58 ooo 43 59 ooo 44 56 ooo 44 58 ooo 45 47 +oo 50 52 o-o 55 57 ooo ,45.93398186,trigonal
o x n OOC e OOO o C C C C C C C C C C C C C C C C C C C C C C C C C C C C C C 0 6 oo- 0 3 ooo 0 13 oo- 0 19 ooo 1 10 ooo 1 17 ooo 1 23 +oo 1 26 +oo 2 18 ooo 2 16 ooo 2 17 ooo 2 4 ooo 3 21 ooo 3 5 ooo 3 17 ooo 4 15 ooo 4 19 oo+ 4 24 o+o 5 29 ooo 5 11 ooo 5 8 ooo 6 18 ooo 6 21 oo+ 6 27 ooo 7 26 ooo 7 9 oo+ 7 27 o+o 7 28 oo+ 8 27 ooo 8 16 o-o 8 10 ooo 9 19 -oo 9 25 ooo 9 29 o+o 10 24 ooo 10 13 ooo 11 28 o-o 11 16 o-o 11 22 ooo 12 22 -oo 12 23 ooo 12 14 ooo 12 21 ooo 13 22 oo+ 13 26 +oo 14 24 -oo 14 20 ooo 14 29 ooo 15 28 oo+ 15 18 ooo 15 21 oo+ 16 25 ooo 17 19 ooo 18 20 ooo 20 23 ooo 20 26 ooo 22 24 oo- 23 25 ooo 25 28 ooo 27 29 ooo ,40.71069692,trigonal
+ v a DDD b OOO g OOO c OOD o C C C C C C C C C C C C C C C C C C C C C C C C 0 2 ooo 0 10 ooo 0 15 ooo 0 3 oo+ 1 2 oo- 1 11 ooo 1 14 ooo 1 3 ooo 2 9 ooo 2 12 ooo 3 8 ooo 3 13 ooo 4 6 -o- 4 7 o+o 4 14 -oo 4 11 o+o 5 15 o-o 5 10 +oo 5 6 o-o 5 7 +o+ 6 12 ooo 6 9 ++o 7 13 --o 7 8 ooo 8 18 ooo 8 22 ooo 9 23 o-o 9 19 o-o 10 17 -oo 10 20 -oo 11 21 ooo 11 16 ooo 12 16 ooo 12 20 ooo 13 21 o+o 13 17 o+o 14 18 +oo 14 23 +oo 15 22 ooo 15 19 ooo 16 22 ooo 16 23 o-o 17 23 +-o 17 22 o-o 18 20 -o- 18 21 -oo 19 20 -oo 19 21 o++ ,66.8279349,tetragonal
o w b OOD g OOB c OOO o C C C C C C C C C C C C C C C C 0 6 ooo 0 5 ooo 0 5 oo+ 0 10 +oo 1 11 oo+ 1 7 ooo 1 4 ooo 1 4 oo+ 2 4 ooo 2 9 o+o 2 6 ooo 2 6 oo+ 3 7 oo- 3 7 ooo 3 8 ooo 3 5 ooo 4 10 ooo 5 11 +oo 6 8 o+o 7 9 ooo 8 12 oo- 8 12 ooo 9 13 ooo 9 13 oo+ 10 14 ooo 10 14 oo+ 11 15 oo- 11 15 ooo 12 14 +-+ 12 15 +oo 13 14 o-o 13 15 ooo ,59.22397927,tetragonal
o w n OOC b OOD e OOC o C C C C C C C C C C C C C C C C C C C C C C C C C C C C C C C C C C C C C C C C C C C C C C C C 0 30 ooo 0 17 ooo 0 37 o-o 0 36 ooo 1 19 -o+ 1 36 -oo 1 11 ooo 1 20 oo+ 2 27 -oo 2 46 o+o 2 28 ooo 2 30 o+- 3 5 ooo 3 21 o+o 3 27 ooo 3 26 o+o 4 21 ooo 4 44 ooo 4 26 ooo 4 45 +oo 5 12 ooo 5 44 ooo 5 23 ooo 6 26 -oo 6 42 --o 6 35 ooo 6 24 ooo 7 13 -oo 7 34 -oo 7 35 o+o 7 9 ooo 8 41 ooo 8 34 ooo 8 40 ooo 8 13 ooo 9 16 ooo 9 15 o+o 9 40 o+o 10 32 ooo 10 31 o+o 10 34 ooo 10 38 +oo 11 31 -oo 11 30 ooo 11 17 ooo 12 24 ooo 12 25 o+o 12 42 ooo 13 23 ooo 13 24 +oo 14 40 ooo 14 42 o-o 14 34 o-o 14 39 +oo 15 38 o-o 15 39 ooo 15 17 ooo 16 33 -oo 16 38 ooo 16 32 ooo 17 32 ooo 18 36 ooo 18 47 ooo 18 38 +oo 18 30 ++o 19 47 o-- 19 21 ooo 19 46 +oo 20 28 ooo 20 46 ooo 20 29 ooo 21 28 o-o 22 46 ooo 22 26 -oo 22 43 o-o 22 44 ooo 23 42 ooo 23 43 +oo 24 41 ooo 25 43 o-o 25 44 ooo 25 35 ooo 27 29 ooo 27 45 +oo 28 45 ooo 29 47 oo- 29 36 oo- 31 37 o-o 31 33 ooo 32 37 ooo 33 40 ooo 33 39 +oo 35 41 ooo 37 47 ooo 39 41 ooo 43 45 ooo ,46.75640187,hexagonal
o w b OOD g DDB c DDB o C C C C C C C C C C C C C C C C C C C C C C C C C C C C C C C C C C C C C C C C C C C C C C C C 0 45 ooo 0 43 ooo 0 35 +oo 0 44 +oo 1 43 --o 1 38 -oo 1 29 -oo 1 42 ooo 2 27 oo+ 2 37 o+o 2 42 o++ 2 46 ooo 3 42 ooo 3 39 oo- 3 26 ooo 3 11 ooo 4 22 ooo 4 44 ooo 4 16 -oo 4 47 ooo 5 30 ooo 5 25 ooo 5 46 ooo 5 9 ooo 6 29 -oo 6 38 -o+ 6 37 ooo 6 39 ooo 7 36 ooo 7 44 +oo 7 35 +o+ 7 37 ++o 8 40 ooo 8 43 o-o 8 36 o-o 8 33 ooo 9 45 ooo 9 32 ooo 9 36 ooo 10 41 ooo 10 38 ooo 10 22 +oo 10 16 oo- 11 40 ooo 11 24 oo- 11 31 ooo 12 31 ooo 12 33 ooo 12 41 ooo 12 32 ooo 13 26 ooo 13 47 ooo 13 31 ooo 13 30 ooo 14 25 oo- 14 30 ooo 14 45 ooo 14 34 ooo 15 27 ooo 15 44 ooo 15 30 ooo 15 23 ooo 16 32 ooo 16 35 +o+ 17 34 o-+ 17 36 o-o 17 43 o-+ 17 21 ooo 18 47 oo- 18 26 ooo 18 27 ooo 18 25 oo- 19 24 oo- 19 25 oo- 19 32 oo- 19 41 ooo 20 28 ooo 20 39 ooo 20 31 ooo 20 24 ooo 21 24 ooo 21 33 ooo 21 38 oo+ 22 29 -oo 22 26 ooo 23 42 o+o 23 37 o+o 23 28 o+o 27 35 ooo 28 46 o-o 28 40 ooo 29 33 ooo 34 46 oo- 34 40 o+o 39 47 ooo 41 45 ooo ,80.58982641,tetragonal
o w a ECC n OOO k OOO o C C C C C C C C C C C C C C C C C C C C C C C C 0 22 ooo 0 1 o+o 0 20 ooo 0 12 ooo 1 14 ooo 1 15 ooo 1 19 +oo 2 11 -oo 2 13 ooo 2 18 ooo 2 20 ooo 3 17 -oo 3 15 -+o 3 13 ooo 3 6 o+o 4 18 ooo 4 20 ooo 4 5 oo+ 4 16 ooo 5 23 ooo 5 22 ooo 5 15 o+o 6 16 ooo 6 21 ooo 6 14 ooo 7 13 o-o 7 10 oo+ 7 23 o-+ 7 21 ooo 8 12 ooo 8 16 ooo 8 14 ooo 8 9 +oo 9 18 ooo 9 19 ooo 9 23 oo+ 10 22 ooo 10 17 ooo 10 12 ooo 11 21 oo- 11 17 ooo 11 19 +o- 12 13 +oo 14 23 o-o 15 18 +oo 16 17 oo+ 19 22 oo+ 20 21 o+o ,56.48894624,trigonal
+ w n OOO b OOO e OOO o C C C C C C C C C C C C C C C C 0 5 -oo 0 4 ooo 0 12 ooo 0 8 oo+ 1 12 ooo 1 3 ooo 1 5 o+o 1 7 oo+ 2 3 -oo 2 12 ooo 2 4 o+o 2 6 oo+ 3 13 ooo 3 11 oo+ 4 13 ooo 4 10 oo+ 5 13 ooo 5 9 oo+ 6 11 -oo 6 14 ooo 6 10 o+o 7 14 ooo 7 11 ooo 7 9 o+o 8 9 -oo 8 10 ooo 8 14 ooo 9 15 ooo 10 15 ooo 11 15 ooo 12 14 ooo 13 15 ooo ,40.91027562,hexagonal
+ v a DDD b OOO g OOO c OOD o C C C C C C C C C C C C C C C C C C C C C C C C C C C C C C C C C C C C C C C C 0 1 ooo 0 5 ooo 0 18 ooo 0 28 ooo 1 11 ooo 1 6 ooo 1 36 ooo 2 30 ooo 2 7 ooo 2 3 ooo 2 16 ooo 3 9 o-o 3 37 o-o 3 4 ooo 4 5 oo+ 4 24 ooo 4 22 ooo 5 13 ooo 5 39 ooo 6 7 oo- 6 26 ooo 6 20 ooo 7 15 -oo 7 38 -oo 8 9 oo- 8 26 ooo 8 20 ooo 8 13 o+o 9 14 -oo 9 32 ooo 10 24 ooo 10 22 ooo 10 15 ooo 10 11 +o+ 11 33 ooo 11 12 ooo 12 30 ooo 12 13 ooo 12 16 ooo 13 35 ooo 14 18 ooo 14 28 ooo 14 15 o+o 15 34 ooo 16 21 ooo 16 17 ooo 17 35 ooo 17 22 ooo 17 27 ooo 18 19 ooo 18 23 ooo 19 20 ooo 19 34 o+o 19 25 o+o 20 21 oo- 21 32 ooo 21 29 ooo 22 23 oo+ 23 33 +oo 23 31 +oo 24 29 o-o 24 25 oo+ 25 39 ooo 25 30 +oo 26 27 -o- 26 31 ooo 27 28 ooo 27 38 ooo 28 29 ooo 29 36 ooo 30 31 o-o 31 37 ooo 32 33 ooo 32 38 -oo 33 39 -oo 34 36 o-o 34 35 ooo 35 37 o-o 36 37 ooo 38 39 ooo ,69.88735293,tetragonal
+ w a ECC n OOO e OOO o C C C C C C C C C C C C 0 3 ooo 0 3 +++ 0 5 o+o 0 11 ooo 1 4 oo+ 1 10 ooo 1 5 ooo 1 5 +++ 2 4 ooo 2 4 +++ 2 3 +oo 2 9 ooo 3 8 ooo 4 7 ooo 5 6 ooo 6 9 --- 6 9 ooo 6 11 o-o 7 11 --- 7 11 ooo 7 10 oo- 8 9 -oo 8 10 --- 8 10 ooo ,53.31129728,trigonal
+ w a ECC n OOO e OOO o C C C C C C C C C C C C C C C C C C C C C C C C C C C C C C C C C C C C 0 12 -oo 0 23 ooo 0 33 ooo 0 1 o+o 1 28 ooo 1 26 ooo 2 17 ooo 2 24 ooo 2 22 ooo 2 11 oo+ 3 30 ooo 3 9 o-o 3 26 ooo 3 4 oo+ 4 34 ooo 4 20 ooo 5 14 ooo 5 25 ooo 5 18 ooo 5 17 +oo 6 15 oo- 6 20 ooo 6 27 ooo 6 7 +oo 7 23 ooo 7 31 ooo 8 11 ooo 8 14 o+o 8 21 ooo 8 19 ooo 9 10 -oo 9 32 ooo 9 24 ooo 10 19 ooo 10 35 ooo 11 33 ooo 11 31 ooo 12 13 oo- 12 21 ooo 12 35 ooo 13 29 ooo 13 25 ooo 14 34 ooo 14 27 ooo 15 16 o-o 15 29 ooo 15 18 ooo 16 32 ooo 16 22 ooo 17 28 ooo 17 30 ooo 18 19 o-o 18 30 +oo 20 29 oo- 20 35 ooo 21 22 oo- 21 27 o+o 23 35 -oo 23 32 ooo 24 25 -oo 24 33 oo+ 26 32 o-o 26 29 ooo 27 28 +oo 30 31 oo+ 33 34 o+o ,43.05266716,trigonal
+ v a DDD b OOO g OOO c OOD o C C C C C C C C C C C C C C C C 0 13 -oo 0 9 -oo 0 3 ooo 0 2 oo+ 1 3 oo- 1 2 ooo 1 12 ooo 1 8 ooo 2 11 ooo 2 14 ooo 3 15 o-o 3 10 o-o 4 6 oo- 4 7 ooo 4 15 +oo 4 11 +oo 5 14 ooo 5 10 ooo 5 6 ooo 5 7 oo+ 6 8 ooo 6 13 ooo 7 12 o+o 7 9 o+o 8 9 ooo 8 15 +oo 9 14 +oo 10 11 ooo 10 13 o+o 11 12 o+o 12 13 ooo 14 15 ooo ,32.53087845,tetragonal
+ w n OOO b OOO e OOO o C C C C C C C C C C C C C C C C C C C C C C C C C C C C C C 0 17 ooo 0 16 ooo 0 10 oo- 0 28 ooo 1 29 ooo 1 15 ooo 1 9 oo- 1 17 ooo 2 15 ooo 2 16 ooo 2 27 ooo 2 11 oo- 3 13 ooo 3 25 ooo 3 7 oo- 3 14 ooo 4 14 ooo 4 12 ooo 4 6 oo- 4 26 ooo 5 24 ooo 5 13 ooo 5 8 oo- 5 12 ooo 6 23 ooo 6 22 ooo 6 26 ooo 7 21 ooo 7 25 ooo 7 23 ooo 8 24 ooo 8 21 ooo 8 22 ooo 9 29 ooo 9 19 ooo 9 20 ooo 10 20 ooo 10 18 ooo 10 28 ooo 11 19 ooo 11 18 ooo 11 27 ooo 12 15 o+o 12 22 ooo 13 16 -oo 13 21 ooo 14 17 ooo 14 23 ooo 15 19 ooo 16 18 ooo 17 20 ooo 18 21 +oo 19 22 o-o 20 23 ooo 24 28 -oo 24 29 o+o 25 27 -oo 25 29 ooo 26 28 ooo 26 27 o+o ,49.33489985,hexagonal
o x n OOE e OOO o C C C C C C C C C C C C C C C C C C C C C C C C C C C C C C 0 9 ooo 0 21 ooo 0 20 o+o 0 27 o+o 1 20 ooo 1 27 ooo 1 8 ooo 1 22 ooo 2 14 ooo 2 26 ooo 2 21 ooo 2 25 ooo 3 23 o-o 3 18 oo- 3 11 ooo 3 29 ooo 4 7 ooo 4 24 o+o 4 10 ooo 4 28 ooo 5 15 -oo 5 22 -oo 5 14 ooo 5 16 ooo 6 17 ooo 6 13 ooo 6 15 ooo 6 22 ooo 7 16 ooo 7 20 o+o 7 21 ooo 8 24 oo+ 8 28 o-o 8 18 +oo 9 19 -oo 9 23 oo+ 9 12 oo+ 10 26 oo- 10 25 oo- 10 17 ooo 11 25 oo- 11 17 ooo 11 27 oo- 12 15 -oo 12 26 oo- 12 16 ooo 13 28 ooo 13 19 ooo 13 23 +oo 14 18 ooo 14 29 ooo 15 24 ooo 16 23 ooo 17 29 ooo 18 26 ooo 19 25 ooo 19 22 ooo 20 29 ooo 21 28 ooo 24 27 oo- ,40.79104052,trigonal
o w a ECC n OOO e OOO o C C C C C C C C C 0 8 ooo 0 5 --- 0 5 ooo 0 3 o-- 1 4 --- 1 4 ooo 1 5 --o 1 6 ooo 2 3 --- 2 3 ooo 2 7 ooo 2 4 -o- 3 6 ooo 4 8 ooo 5 7 ooo 6 8 -oo 6 7 oo+ 7 8 o+o ,75.99353509,trigonal
+ v a DDD b DOD c ODD d OOO o C C C C C C C C 0 1 +-o 0 4 +oo 0 6 ooo 0 2 +oo 1 3 -o- 1 5 -oo 1 7 ooo 2 3 -oo 2 4 oo+ 2 6 o++ 3 7 o-o 3 5 ooo 4 6 ooo 4 5 ooo 5 7 ooo 6 7 o-- ,89.0,cubic
o v a DDD b OOO m OOO c DOF o C C C C C C C C C C C C C C 0 10 +oo 0 5 ooo 0 8 oo+ 0 13 +o+ 1 12 oo- 1 8 ooo 1 4 ooo 1 11 ++o 2 10 o-o 2 12 --o 2 6 ooo 2 8 oo+ 3 8 ooo 3 13 o-o 3 11 ooo 3 7 ooo 4 11 ooo 4 13 ooo 4 9 o+o 5 9 ooo 5 12 o-o 5 10 o-o 6 11 ooo 6 9 -oo 6 12 ooo 7 13 +oo 7 9 ooo 7 10 +oo ,71.97010365,tetragonal
o z o C C C C C C C C C C C C C C C C C C C C C C C C C C C C C C C C C C C C C C C C C C C C C C C C C C C C C C C C C C C C C C C C 0 28 -o- 0 20 oo- 0 17 ooo 0 10 ooo 1 16 ooo 1 63 ooo 1 58 ooo 1 25 ooo 2 3 oo- 2 43 ooo 2 57 ooo 2 12 ooo 3 46 ooo 3 61 ooo 4 14 o-o 4 24 o-+ 4 21 ooo 4 16 oo+ 5 62 -oo 5 59 -oo 5 29 ooo 5 20 ooo 6 47 ooo 6 8 ooo 6 61 ooo 6 7 oo+ 7 42 ooo 7 57 ooo 8 29 ooo 8 20 ooo 8 24 oo+ 9 50 --o 9 28 -oo 9 55 oo+ 9 17 oo+ 10 11 ooo 10 39 ooo 10 49 ooo 11 34 ooo 11 53 o+o 12 16 ooo 12 28 oo- 12 25 ooo 13 51 o-- 13 54 ooo 13 24 o-o 13 21 oo- 14 35 ooo 14 53 o+o 14 15 ooo 15 38 ooo 15 49 ooo 16 26 ooo 17 47 oo- 17 42 ooo 18 41 ooo 18 19 ooo 18 59 ooo 18 28 ooo 19 45 ooo 19 62 ooo 20 30 ooo 21 46 ooo 21 43 oo+ 22 24 o-o 22 45 ooo 22 23 ooo 22 63 ooo 23 41 ooo 23 58 ooo 25 34 +oo 25 39 +oo 26 27 o-- 26 33 o-o 26 55 +oo 27 37 ooo 27 50 ooo 29 35 ooo 29 38 ooo 30 37 -oo 30 51 ooo 30 31 oo+ 31 33 -oo 31 54 o+o 32 42 ooo 32 49 ooo 32 52 ooo 32 60 ooo 33 57 ooo 33 48 ++o 34 44 -oo 34 35 ooo 36 48 ooo 36 53 ooo 36 56 ooo 36 46 ooo 37 52 ooo 37 61 ooo 38 39 ooo 38 40 ooo 40 56 ooo 40 52 ooo 40 61 ooo 41 49 o-o 41 60 o-o 42 43 ooo 44 57 ooo 44 60 ooo 44 48 ++o 45 53 ooo 45 56 ooo 46 47 ooo 48 58 -oo 50 60 ooo 50 51 +oo 52 62 ooo 54 55 ooo 54 56 ooo 58 59 ooo 62 63 ooo ,56.20620245,triclinic
o w n OOC b OOD e OOC o C C C C C C C C C C C C C C C C C C C C C C C C C C C C C C C C C C C C C C C C C C C C C C C C 0 46 ooo 0 44 ooo 0 27 ooo 0 3 ooo 1 45 ooo 1 22 ooo 1 2 o-o 1 19 ooo 2 17 ooo 2 43 ooo 2 44 ooo 3 21 ooo 3 42 ooo 3 24 ooo 4 40 ooo 4 35 o+o 4 7 oo+ 4 42 ooo 5 41 ooo 5 14 oo+ 5 23 ooo 5 6 +oo 6 40 ooo 6 21 ooo 6 39 oo+ 7 38 ooo 7 32 o+o 7 13 ooo 8 31 -oo 8 11 ooo 8 38 ooo 8 36 ooo 9 15 ooo 9 10 ooo 9 18 ooo 9 37 ooo 10 36 ooo 10 13 ooo 10 47 ooo 11 28 -oo 11 17 ooo 11 46 ooo 12 39 ooo 12 15 ooo 12 32 ooo 12 34 ooo 13 14 o+o 13 33 ooo 14 32 ooo 14 31 ooo 15 36 ooo 15 30 ooo 16 30 ooo 16 47 o-o 16 19 ooo 16 28 ooo 17 18 -oo 17 29 ooo 18 27 ooo 18 28 ooo 19 44 o-o 19 26 ooo 20 24 ooo 20 26 ooo 20 43 +oo 20 23 ooo 21 25 ooo 21 22 ooo 22 35 ooo 22 24 ooo 23 34 oo+ 23 40 +oo 24 27 ooo 25 26 -oo 25 43 ooo 25 46 ooo 26 41 ooo 27 45 ooo 28 31 ooo 29 38 ooo 29 47 ooo 29 30 o+o 30 45 ooo 31 37 ooo 32 35 oo- 33 39 ooo 33 42 oo- 33 34 ooo 34 37 ooo 35 41 ooo 36 39 ooo 37 38 +oo 40 43 ooo 41 42 o-o 44 47 ooo 45 46 ooo ,40.50148317,hexagonal
+ u a DDD b OOO c OOO d OOO e OOO o C C C C C C C C C C C C C C C C C C C C C C C C C C C C C C 0 8 ooo 0 6 ooo 0 29 ooo 0 27 ooo 1 26 ooo 1 28 ooo 1 7 ooo 1 9 ooo 2 12 ooo 2 22 ooo 2 24 ooo 2 10 ooo 3 11 ooo 3 25 ooo 3 23 ooo 3 13 ooo 4 16 ooo 4 19 ooo 4 14 ooo 4 21 ooo 5 20 ooo 5 15 ooo 5 18 ooo 5 17 ooo 6 22 -oo 6 25 ooo 6 19 oo+ 7 18 oo- 7 24 ooo 7 23 +oo 8 24 -oo 8 23 ooo 8 20 ooo 9 21 ooo 9 22 ooo 9 25 +oo 10 21 o-o 10 18 ooo 10 29 +oo 11 28 -oo 11 19 ooo 11 20 o+o 12 19 o-o 12 26 ooo 12 20 ooo 13 27 ooo 13 21 ooo 13 18 o+o 14 27 oo- 14 28 ooo 14 24 o+o 15 25 o-o 15 29 ooo 15 26 oo+ 16 29 oo- 16 23 ooo 16 26 ooo 17 27 ooo 17 22 ooo 17 28 oo+ ,71.09387853,cubic
+ w b OOO g OOD c DDO o C C C C C C C C C C C C C C C C C C C C C C C C C C C C C C C C C C C C C C C C C C C C C C C C 0 3 ooo 0 44 ooo 0 7 ooo 0 8 ooo 1 31 ooo 1 34 ooo 1 9 ooo 1 19 ooo 2 5 o-o 2 9 ooo 2 42 o-o 2 29 ooo 3 10 ooo 3 11 ooo 3 47 ooo 4 22 ooo 4 31 ooo 4 6 ooo 4 34 ooo 5 45 o+o 5 6 ooo 5 26 ooo 6 38 ooo 6 9 ooo 7 25 ooo 7 28 ooo 7 13 ooo 8 11 +oo 8 36 +oo 8 35 oo+ 9 41 ooo 10 16 ooo 10 25 ooo 10 28 ooo 11 39 -oo 11 32 oo+ 12 20 ooo 12 19 ooo 12 15 +-o 12 32 +oo 13 43 +oo 13 21 ooo 13 46 o+o 14 30 ooo 14 17 +oo 14 41 ooo 14 21 ooo 15 35 -oo 15 23 ooo 15 22 ooo 16 18 ooo 16 43 o-o 16 46 -oo 17 18 ooo 17 38 ooo 17 33 ooo 18 21 --o 18 26 o-o 19 40 o-o 19 37 +oo 20 23 o-o 20 24 ooo 20 47 oo- 21 29 o+o 22 40 -oo 22 37 o+o 23 27 ooo 23 44 oo- 24 32 ooo 24 31 ooo 24 27 ooo 25 43 ooo 25 33 ooo 26 33 ooo 26 29 o+o 27 35 ooo 27 34 ooo 28 30 ooo 28 46 ooo 29 30 ooo 30 33 ooo 31 37 ooo 32 35 -oo 34 40 ooo 36 39 -+o 36 43 ooo 36 44 ooo 37 45 ooo 38 45 ooo 38 41 -oo 39 46 ooo 39 47 ooo 40 42 ooo 41 42 ooo 42 45 ++o 44 47 o+o ,67.82332481,tetragonal
o x n OOE f OOC o C C C C C C C C C C C C C C C C C C 0 9 ooo 0 7 o-o 0 8 ooo 0 12 +oo 1 8 -oo 1 3 -o- 1 16 oo- 1 10 ooo 2 4 ooo 2 14 ooo 2 17 oo+ 2 3 ooo 3 9 o++ 3 15 ooo 4 16 ooo 4 6 ooo 4 13 ooo 5 6 ooo 5 11 ooo 5 7 o-o 5 14 ooo 6 15 --o 6 12 ooo 7 10 ooo 7 13 ooo 8 17 ooo 8 11 ooo 9 17 ooo 9 16 +o- 10 12 o+o 10 17 o+o 11 12 ooo 11 13 ooo 13 15 ooo 14 15 ooo 14 16 +oo ,52.63763989,trigonal
o x n OOE e OOO o C C C C C C C C C C C C C C C C C C C C C C C C C C C C C C C C C C C C C C C 0 20 ooo 0 15 ooo 0 18 ooo 0 17 ooo 1 28 oo- 1 35 ooo 1 26 +oo 1 38 +o- 2 25 ooo 2 10 ooo 2 27 ooo 2 18 ooo 3 26 ooo 3 6 ooo 3 10 ooo 3 4 ooo 4 14 -oo 4 25 ooo 4 15 ooo 5 35 -oo 5 36 o+o 5 31 ooo 5 6 ooo 6 30 o+o 6 32 ooo 7 36 ooo 7 29 ooo 7 22 ooo 7 20 ooo 8 16 o-o 8 30 oo+ 8 19 o-o 8 21 ooo 9 12 ooo 9 16 ooo 9 20 ooo 9 10 oo+ 10 19 oo- 11 37 -oo 11 12 oo- 11 29 oo- 11 25 ooo 12 24 -oo 12 26 oo+ 13 32 o-o 13 34 ooo 13 37 ooo 13 23 ooo 14 33 ooo 14 31 +oo 14 24 ooo 15 32 ooo 15 16 ooo 16 31 ooo 17 19 ooo 17 38 +oo 17 23 o+o 18 33 ooo 18 35 ooo 19 37 o++ 20 28 ooo 21 22 ooo 21 28 ooo 21 24 ooo 22 32 o-o 22 33 ooo 23 24 ooo 23 36 +oo 25 36 ooo 26 34 -oo 27 30 ooo 27 28 oo- 27 34 ooo 29 38 o-o 29 30 oo+ 31 38 ooo 33 34 ooo 35 37 o+o ,81.72327619,trigonal
+ w a ECC n OOO e OOO o C C C C C C C C C C C C C C C C C C C C C C C C C C C C C C C C C C C C C C C C C C C C C C C C C C C C C C 0 11 ooo 0 40 ooo 0 50 ooo 0 26 +oo 1 26 ooo 1 41 ooo 1 37 ooo 1 49 ooo 2 25 ooo 2 18 +oo 2 47 +oo 2 24 +oo 3 15 oo- 3 43 o+- 3 46 oo- 3 4 ooo 4 36 ooo 4 48 ooo 4 30 o+o 5 45 ooo 5 37 ooo 5 30 ooo 5 50 ooo 6 14 o+o 6 43 o+o 6 29 ooo 6 28 o+o 7 23 -oo 7 42 -oo 7 39 -o+ 7 8 ooo 8 44 ooo 8 49 ooo 8 34 oo+ 9 34 ooo 9 41 ooo 9 45 ooo 9 48 ooo 10 22 oo+ 10 33 ooo 10 39 oo+ 10 32 oo+ 11 19 o-o 11 38 o-o 11 47 +-o 12 38 o-o 12 50 ooo 12 28 ooo 12 23 ooo 13 48 ooo 13 29 ooo 13 25 ooo 13 38 ooo 14 36 o-o 14 35 o-o 14 37 ooo 15 16 ooo 15 31 -o+ 15 34 oo+ 16 42 -oo 16 24 ooo 16 49 ooo 17 50 ooo 17 25 ooo 17 33 ooo 17 42 ooo 18 40 -oo 18 31 -oo 18 41 ooo 19 20 ooo 19 27 o+- 19 30 o+o 20 46 oo- 20 48 ooo 20 32 ooo 21 49 ooo 21 29 ooo 21 46 ooo 21 33 ooo 22 44 oo- 22 45 ooo 22 27 oo- 23 35 +-o 23 26 +oo 24 53 ooo 24 35 ooo 25 52 ooo 26 42 -oo 27 28 ooo 27 39 oo+ 28 51 ooo 29 53 ooo 30 38 o-o 31 32 ooo 31 47 +oo 32 52 ooo 33 51 ooo 34 46 oo- 35 43 o+o 36 47 ooo 36 53 ooo 37 51 ooo 39 40 ooo 40 52 ooo 41 53 ooo 43 44 ooo 44 51 ooo 45 52 ooo ,47.30782493,trigonal
o x b OOD g OOB o C C C C C C C C C C C C C C C C 0 10 ooo 0 14 -oo 0 9 ooo 0 7 oo- 1 9 ooo 1 13 oo- 1 12 oo- 1 11 ooo 2 7 ooo 2 15 o++ 2 12 ooo 2 8 o+o 3 6 ooo 3 13 oo- 3 10 +oo 3 4 ooo 4 13 ooo 4 10 +o+ 4 14 ooo 5 8 ooo 5 15 oo+ 5 9 ooo 5 13 ooo 6 12 o-- 6 8 ooo 6 11 o-o 7 14 -oo 7 9 ooo 8 15 ooo 10 15 ooo 11 12 ooo 11 14 ooo ,54.65586104,tetragonal
o x n OOO k OOO o C C C C C C C C C C C C C C C C C C C C C C C C C C C C C C C C C C C C C C C C C C C C C C C C C C C C C C C C C C C C C C C C C C C C 0 18 ooo 0 30 ooo 0 22 oo- 0 19 ooo 1 26 o-o 1 18 ooo 1 21 ooo 1 60 ooo 2 45 ooo 2 25 o+o 2 50 ooo 2 5 ooo 3 21 ooo 3 33 ooo 3 19 ooo 3 22 ooo 4 29 o-o 4 21 ooo 4 18 oo+ 4 62 ooo 5 48 ooo 5 28 o+o 5 53 ooo 6 24 ooo 6 34 oo- 6 31 ooo 6 30 ooo 7 30 ooo 7 33 ooo 7 64 ooo 7 20 +oo 8 19 -oo 8 38 ooo 8 51 ooo 8 11 ooo 9 27 ooo 9 31 ooo 9 34 ooo 9 33 ooo 10 33 ooo 10 30 oo+ 10 66 ooo 10 23 +oo 11 22 -oo 11 41 ooo 11 54 ooo 12 28 oo- 12 25 ooo 12 24 ooo 12 18 ooo 13 56 ooo 13 32 ooo 13 24 ooo 13 27 ooo 14 44 ooo 14 39 ooo 14 17 ooo 14 31 ooo 15 25 ooo 15 28 ooo 15 27 ooo 15 21 ooo 16 58 ooo 16 35 ooo 16 27 ooo 16 24 oo+ 17 47 ooo 17 34 ooo 17 42 ooo 19 60 ooo 20 38 ooo 20 45 ooo 20 23 ooo 22 62 ooo 23 48 ooo 23 41 ooo 25 56 ooo 26 50 ooo 26 29 ooo 26 39 ooo 28 58 ooo 29 53 ooo 29 42 ooo 31 64 ooo 32 51 ooo 32 35 ooo 32 44 ooo 34 66 ooo 35 54 ooo 35 47 ooo 36 38 ooo 36 44 ooo 36 50 ooo 37 41 ooo 37 47 ooo 37 53 ooo 38 41 oo- 39 42 oo- 39 40 ooo 40 43 ooo 40 61 o+o 40 65 ooo 42 43 ooo 43 63 o+o 43 67 ooo 44 47 oo- 45 48 oo- 45 46 ooo 46 65 -oo 46 49 ooo 46 57 o+o 48 49 ooo 49 67 -oo 49 59 o+o 50 53 oo- 51 54 oo- 51 52 ooo 52 61 -oo 52 57 ooo 52 55 ooo 54 55 ooo 55 63 -oo 55 59 ooo 56 57 ooo 56 59 ooo 57 58 oo- 58 59 ooo 60 61 ooo 60 63 ooo 61 62 oo- 62 63 ooo 64 65 ooo 64 67 ooo 65 66 oo- 66 67 ooo ,75.91811755,trigonal
o z o C C C C C C C C C C C C C C C C C C C C 0 18 -oo 0 16 -oo 0 2 ooo 0 3 ooo 1 7 -oo 1 19 ooo 1 10 o+o 1 17 oo+ 2 6 -oo 2 11 ooo 2 13 ooo 3 9 ooo 3 17 ooo 3 10 o+o 4 11 oo+ 4 19 ooo 4 8 ooo 4 14 oo+ 5 8 -oo 5 7 -oo 5 13 ooo 5 11 oo+ 6 15 o-o 6 12 ooo 6 14 ooo 7 16 ooo 7 18 oo+ 8 12 ooo 8 15 o-+ 9 19 ooo 9 14 ooo 9 16 ooo 10 13 ooo 10 12 ooo 11 17 o-o 12 16 o-o 13 19 ooo 14 18 ooo 15 17 ooo 15 18 ooo ,77.34854821,triclinic
o w b OOD g DDF c DDF o C C C C C C C C C C C C C C C C C C C C C C C C C C C C C C C C 0 14 ooo 0 6 o-o 0 15 ooo 0 27 ooo 1 18 ooo 1 29 ooo 1 27 -+o 1 6 ooo 2 4 o-o 2 17 ooo 2 8 ooo 2 5 ooo 3 31 ooo 3 24 ooo 3 25 -+o 3 8 o+o 4 31 ooo 4 11 ooo 4 10 oo- 5 31 +-o 5 22 ooo 5 25 ooo 6 21 ooo 6 12 ooo 7 12 o-o 7 29 +-o 7 27 ooo 7 28 ooo 8 19 ooo 8 14 ooo 9 19 ooo 9 30 ooo 9 21 ooo 9 14 o+o 10 29 ooo 10 12 ooo 10 13 o+o 11 17 ooo 11 23 oo- 11 16 ooo 12 23 ooo 13 26 ooo 13 17 oo+ 13 23 ooo 14 25 ooo 15 19 ooo 15 20 ooo 15 21 ooo 16 22 ooo 16 30 ooo 16 31 +oo 17 22 -oo 18 21 -oo 18 20 ooo 18 24 ooo 19 24 ooo 20 27 -oo 20 26 ooo 22 28 oo- 23 28 ooo 24 30 -oo 25 30 ooo 26 28 -oo 26 29 ooo ,67.53741508,tetragonal
o v a DDD b OOO m OOO c DOF o C C C C C C C C C C C C C C C C C C C C C C C C C C C C C C C C C C C C C C C C 0 24 ooo 0 34 ooo 0 2 ooo 0 25 +oo 1 8 ooo 1 6 ooo 1 7 +oo 1 4 +oo 2 13 ooo 2 22 ooo 2 6 ooo 3 17 -oo 3 6 -oo 3 23 ooo 3 39 ooo 4 30 ooo 4 38 ooo 4 20 ooo 5 7 ooo 5 39 ooo 5 29 ooo 5 20 ooo 6 9 +oo 7 18 --o 7 27 ooo 8 12 o-o 8 34 ooo 8 28 ooo 9 25 ooo 9 33 -oo 9 35 ooo 10 39 oo- 10 30 ooo 10 12 ooo 10 24 ooo 11 16 ooo 11 14 o-o 11 18 o-o 11 17 ooo 12 37 ooo 12 16 o+o 13 38 ooo 13 29 ooo 13 16 ooo 14 35 ooo 14 20 ooo 14 28 o++ 15 35 o-o 15 29 ooo 15 34 oo+ 15 17 ooo 16 19 o-o 17 32 ooo 18 24 ooo 18 33 ooo 19 23 oo- 19 25 ooo 19 30 ooo 20 22 ooo 21 24 ooo 21 28 o+o 21 26 oo- 21 27 ++o 22 26 ooo 22 33 ooo 23 26 -oo 23 37 oo+ 25 27 o+o 26 29 ooo 27 38 ooo 28 32 oo- 30 32 -o- 31 36 oo- 31 38 ooo 31 37 o-o 31 34 ooo 32 36 +oo 33 36 ++o 35 37 oo+ 36 39 ooo ,72.10046847,tetragonal
o w n OOE b OOD e OOE o C C C C C C C C C C C C C C C C C C C C C C C C C C C C C C C C C C C C C C C C C C C C C C C C 0 7 -oo 0 17 -oo 0 24 ooo 0 9 ooo 1 14 o+o 1 4 ooo 1 46 ooo 1 20 o+o 2 38 ooo 2 13 o+o 2 45 ooo 2 35 ooo 3 43 -oo 3 27 ooo 3 8 o-o 3 34 ooo 4 21 oo- 4 11 ooo 4 32 o+- 5 18 -oo 5 8 ooo 5 12 -oo 5 42 ooo 6 17 -oo 6 31 ooo 6 46 ooo 6 41 ooo 7 35 o-o 7 30 ooo 7 39 o-o 8 28 -oo 8 13 o+o 9 38 ooo 9 16 ooo 9 22 ooo 10 37 oo+ 10 42 ooo 10 27 ooo 10 21 ooo 11 26 ooo 11 47 ++o 11 31 +oo 12 21 ooo 12 36 ooo 12 19 +oo 13 16 ooo 13 34 ooo 14 47 ooo 14 33 ooo 14 26 ooo 15 46 ooo 15 20 o+o 15 39 ooo 15 31 +oo 16 23 ooo 16 44 o-o 17 30 ooo 17 20 ooo 18 29 ooo 18 34 ooo 18 43 ooo 19 27 o+o 19 42 ooo 19 47 o++ 20 40 +oo 21 26 oo+ 22 39 ooo 22 30 ooo 22 25 ooo 23 35 --o 23 43 -oo 23 38 ooo 24 31 o-o 24 41 o-o 24 33 ooo 25 28 ooo 25 38 +oo 25 44 +oo 26 37 +oo 27 32 -oo 28 45 ooo 28 35 ooo 29 42 o-o 29 36 o-o 29 32 ooo 30 41 o-o 32 37 +o+ 33 40 ooo 33 46 ooo 34 45 ooo 36 45 ooo 36 43 o+o 37 40 ooo 39 44 +oo 40 47 ooo 41 44 ooo ,46.72728036,hexagonal
o x b OOD g OOF o C C C C C C C C C C C C C C C C 0 9 ooo 0 6 oo+ 0 15 ooo 0 1 +o+ 1 15 -oo 1 12 ooo 1 11 ooo 2 4 ooo 2 11 oo+ 2 10 ooo 2 14 oo+ 3 14 ooo 3 13 ooo 3 8 ooo 3 9 o+- 4 11 ooo 4 5 -oo 4 13 ooo 5 15 ooo 5 8 ooo 5 11 +o+ 6 10 ooo 6 14 ooo 6 15 ooo 7 13 o-o 7 12 oo+ 7 9 ooo 7 10 ooo 8 14 oo+ 8 9 o+o 10 12 ooo 12 13 o-o ,54.75755193,tetragonal
o x a ECC n OOO o C C C C C C C C C C C C C C 0 7 ooo 0 1 -oo 0 10 ooo 0 2 o+o 1 6 ooo 1 3 o+o 1 11 ++o 2 4 ooo 2 13 ooo 2 9 ooo 3 5 o-- 3 8 ooo 3 12 o-- 4 11 ooo 4 5 o-o 4 6 oo+ 5 7 oo+ 5 10 ooo 6 13 ooo 6 8 ooo 7 9 -o- 7 12 -o- 8 9 oo- 8 10 +oo 9 11 +oo 10 13 ooo 11 12 --o 12 13 ooo ,67.95470611,trigonal
o w b OOD g DDF c DDF o C C C C C C C C C C C C C C C C 0 11 -oo 0 12 -+o 0 1 ooo 0 14 ooo 1 7 o+o 1 10 ooo 1 5 ooo 2 12 ooo 2 3 oo+ 2 14 +-+ 2 9 +o+ 3 7 oo- 3 8 ooo 3 5 o-o 4 8 ooo 4 10 oo- 4 13 ooo 4 5 ooo 5 12 o+o 6 7 ooo 6 15 ooo 6 8 ooo 6 10 ooo 7 14 o-+ 8 9 ooo 9 13 -oo 9 15 oo- 10 11 ooo 11 13 ooo 11 15 +oo 12 13 ooo 14 15 oo- ,61.65653374,tetragonal
+ w b OOO g OOO c OOD o C C C C C C C C C C C C C C C C C C C C C C C C C C C C C C C C 0 29 ooo 0 5 o-o 0 7 ooo 0 9 oo+ 1 6 ooo 1 28 ooo 1 4 o+o 1 8 oo+ 2 31 ooo 2 5 ooo 2 6 +oo 2 11 oo+ 3 7 -oo 3 4 ooo 3 30 ooo 3 10 oo+ 4 13 ooo 4 29 ooo 5 28 ooo 5 12 ooo 6 30 ooo 6 15 ooo 7 31 ooo 7 14 ooo 8 15 ooo 8 25 ooo 8 13 o+o 9 24 ooo 9 12 o-o 9 14 ooo 10 14 -oo 10 13 ooo 10 27 ooo 11 26 ooo 11 12 ooo 11 15 +oo 12 25 ooo 13 24 ooo 14 26 ooo 15 27 ooo 16 27 ooo 16 30 ooo 16 18 ooo 16 19 ooo 17 18 ooo 17 19 ooo 17 26 ooo 17 31 ooo 18 24 ooo 18 29 ooo 19 25 ooo 19 28 ooo 20 22 ooo 20 23 ooo 20 31 oo- 20 26 ooo 21 30 oo- 21 27 ooo 21 22 ooo 21 23 ooo 22 29 oo- 22 24 ooo 23 28 oo- 23 25 ooo ,61.90910194,tetragonal
o x n OOC e OOO o C C C C C C C C C C C C C C C C C C C C C C C C C C C C C C 0 16 -oo 0 18 o+o 0 9 ooo 0 4 o+o 1 19 -oo 1 3 -oo 1 11 ooo 1 15 ooo 2 10 oo+ 2 17 o+o 2 5 oo+ 2 20 ooo 3 13 o-o 3 6 ooo 3 21 +oo 4 22 o-o 4 12 ooo 4 8 ooo 5 7 oo- 5 23 ooo 5 14 +oo 6 15 ooo 6 20 ooo 6 27 ooo 7 29 ooo 7 18 oo+ 7 17 ooo 8 16 ooo 8 28 ooo 8 19 ooo 9 12 ooo 9 23 ooo 9 24 ooo 10 21 oo- 10 14 ooo 10 26 ooo 11 22 ooo 11 25 ooo 11 13 ooo 12 26 ooo 12 19 -oo 13 24 ooo 13 20 ooo 14 25 oo- 14 18 o+o 15 29 ooo 15 22 o-o 16 23 ooo 16 27 ooo 17 21 +oo 17 28 oo+ 18 26 ooo 19 24 o-o 20 25 +oo 21 29 ooo 22 27 -oo 23 28 o+o 24 27 ooo 25 29 o+o 26 28 -oo ,77.62540155,trigonal
o u a DDD b OOO c OOO d OOO l OOO o C C C C C C C C C C C C C C C C C C C C C C C C C C C C C C C C C C C C C C C C C C C C C C C C C C 0 6 --o 0 9 ooo 0 17 ooo 0 12 ooo 1 7 ooo 1 15 ooo 1 11 ooo 1 16 ooo 2 19 ooo 2 10 o-- 2 4 ooo 2 13 ooo 3 14 -o- 3 8 ooo 3 18 ooo 3 5 ooo 4 37 ooo 4 25 oo- 4 23 ooo 5 22 oo- 5 27 ooo 5 39 ooo 6 38 ooo 6 26 o+o 6 21 +oo 7 20 ooo 7 24 ooo 7 36 ooo 8 29 -oo 8 41 ooo 8 27 ooo 9 26 -oo 9 43 ooo 9 31 ooo 10 42 ooo 10 30 oo+ 10 25 o+o 11 24 ooo 11 28 ooo 11 40 ooo 12 21 o-o 12 31 ooo 12 33 ooo 13 35 ooo 13 30 o-o 13 23 ooo 14 34 ooo 14 29 oo+ 14 22 +oo 15 20 ooo 15 32 ooo 15 28 ooo 16 47 oo+ 16 45 o+o 16 49 +oo 17 47 --o 17 48 ooo 17 44 ooo 18 45 -o- 18 48 ooo 18 46 ooo 19 49 o-- 19 46 ooo 19 44 ooo 20 48 ooo 20 42 ooo 21 41 ooo 21 49 ooo 22 49 ooo 22 43 ooo 23 40 ooo 23 48 +oo 24 44 ooo 24 34 ooo 25 33 ooo 25 45 ooo 26 35 ooo 26 45 ooo 27 44 o+o 27 32 ooo 28 46 ooo 28 38 ooo 29 37 ooo 29 47 ooo 30 39 ooo 30 47 ooo 31 36 ooo 31 46 oo+ 32 33 o+o 32 35 o+o 33 34 ooo 34 35 ooo 36 39 oo+ 36 37 oo+ 37 38 ooo 38 39 ooo 40 41 +oo 40 43 +oo 41 42 ooo 42 43 ooo ,74.8801634,cubic
o w n OOC b OOD e OOC o C C C C C C C C C C C C C C C C C C 0 9 ooo 0 11 oo- 0 16 oo- 0 8 +oo 1 10 ooo 1 7 ooo 1 17 ooo 1 11 ooo 2 6 o-+ 2 15 ooo 2 10 oo+ 2 9 ooo 3 11 -oo 3 13 ooo 3 8 ooo 3 6 oo+ 4 14 oo- 4 8 ooo 4 10 ooo 4 7 oo- 5 6 ooo 5 12 ooo 5 7 ooo 5 9 o+o 6 13 ooo 7 12 oo+ 8 14 ooo 9 16 ooo 10 15 ooo 11 17 oo+ 12 17 ooo 12 16 o+- 13 17 -oo 13 15 o+o 14 16 -oo 14 15 ooo ,78.93195865,hexagonal
o x n OOC e OOO o C C C C C C C C C C C C C C C C C C 0 1 o-o 0 11 oo+ 0 9 +-+ 0 2 +oo 1 2 ooo 1 14 ooo 1 10 oo+ 2 13 -oo 2 9 oo+ 3 5 ooo 3 15 ++o 3 17 ooo 3 4 +oo 4 11 o+o 4 16 o+o 4 5 ooo 5 15 ooo 5 10 ooo 6 12 --o 6 7 ooo 6 8 o-o 6 14 ooo 7 17 -oo 7 13 -oo 7 8 ooo 8 16 o+o 8 12 ooo 9 10 -oo 9 11 o+o 10 11 ooo 12 13 o+o 12 14 ooo 13 14 ooo 15 17 -oo 15 16 ooo 16 17 ooo ,60.83523337,trigonal
o z o C C C C C C C C C C C C C C C C C C C C 0 16 -oo 0 8 ooo 0 2 ooo 0 6 ooo 1 14 ooo 1 10 o+o 1 5 ooo 1 8 +oo 2 3 ooo 2 18 ooo 2 9 ooo 3 12 -oo 3 5 -oo 3 6 oo- 4 19 oo+ 4 14 ooo 4 16 ooo 4 7 ooo 5 7 oo- 5 11 +oo 6 15 o-o 6 19 oo+ 7 13 ooo 7 8 +oo 8 17 ooo 9 11 ooo 9 19 ooo 9 14 ooo 10 18 ooo 10 12 ooo 10 16 ooo 11 15 oo- 11 18 o+o 12 13 o-- 12 19 ooo 13 15 ooo 13 16 o+o 14 17 ooo 15 17 ooo 17 18 o+o ,77.32585027,triclinic
o w b OOD g DDF c DDF o C C C C C C C C C C C C C C C C C C C C C C C C C C C C C C C C 0 27 ooo 0 14 o+o 0 24 oo+ 0 21 o+o 1 7 ooo 1 20 ooo 1 25 ooo 1 29 ooo 2 10 o-o 2 7 ooo 2 14 ooo 2 8 ooo 3 5 ooo 3 6 ooo 3 27 ooo 3 24 ooo 4 17 o-o 4 28 ooo 4 10 o-o 4 31 ooo 5 25 ooo 5 29 oo- 5 16 oo- 6 12 ooo 6 10 ooo 6 14 o+- 7 28 ooo 7 31 oo+ 8 25 ooo 8 19 ooo 8 16 ooo 9 24 -oo 9 21 -+o 9 15 ooo 9 17 ooo 10 15 ooo 11 14 oo- 11 16 oo- 11 13 oo- 11 19 ooo 12 20 ooo 12 23 oo- 12 29 oo- 13 21 ooo 13 17 +-+ 13 28 +oo 15 23 ooo 15 20 ooo 16 30 ooo 17 23 oo- 18 30 -o- 18 24 -oo 18 26 ooo 18 23 oo- 19 21 ooo 19 22 ooo 20 26 ooo 22 30 ooo 22 28 +oo 22 26 +oo 25 31 ooo 26 31 ooo 27 29 ooo 27 30 ooo ,77.85975994,tetragonal
o w b OOD g OOF c OOO o C C C C C C C C C C C C C C C C 0 1 ooo 0 12 +-o 0 10 o-o 0 13 +oo 1 12 o-o 1 13 ooo 1 9 ooo 2 15 -oo 2 14 -+o 2 3 ooo 2 8 o+o 3 11 oo- 3 15 ooo 3 14 o+o 4 5 ooo 4 9 o+o 4 8 ++o 4 12 +oo 5 9 ooo 5 8 +oo 5 15 ooo 6 10 --o 6 14 -o+ 6 11 o-o 6 7 ooo 7 10 -oo 7 13 ooo 7 11 ooo 8 9 ooo 10 11 ooo 12 13 ooo 14 15 ooo ,53.82950733,tetragonal
o x n OOC e OOO o C C C C C C C C C C C C C C C C C C 0 8 ooo 0 12 o-o 0 15 +o- 0 15 +oo 1 2 oo- 1 2 ooo 1 8 ooo 1 16 +oo 2 4 ooo 2 3 ooo 3 12 ooo 3 12 oo+ 3 9 +oo 4 13 ooo 4 5 ooo 4 5 oo+ 5 6 ooo 5 7 oo- 6 15 oo- 6 9 o-- 6 9 o-o 7 10 o-o 7 8 ooo 7 8 oo+ 9 17 ooo 10 17 ooo 10 11 ooo 10 11 oo+ 11 13 ooo 11 12 ooo 13 14 oo- 13 14 ooo 14 15 ooo 14 16 oo+ 16 17 oo- 16 17 ooo ,90.03090344,trigonal
o w b OOD g OOF c OOO o C C C C C C C C C C C C C C C C 0 4 -o- 0 13 ooo 0 9 ooo 0 7 oo- 1 6 ooo 1 8 ooo 1 12 ooo 1 5 +oo 2 15 oo+ 2 5 ooo 2 7 o-o 2 11 oo+ 3 10 ooo 3 4 oo- 3 6 o+o 3 14 ooo 4 8 ooo 4 14 ooo 5 15 ooo 5 9 ooo 6 11 ooo 6 12 oo- 7 13 ooo 7 10 ooo 8 11 oo+ 8 10 ooo 9 11 ooo 9 10 ooo 12 14 o-o 12 15 +o+ 13 14 -oo 13 15 o+o ,67.30400398,tetragonal
o x n OOC e OOO o C C C C C C C C C C C C C C C C C C C C C C C C C C C C C C 0 6 oo- 0 3 ooo 0 13 oo- 0 19 ooo 1 10 ooo 1 17 ooo 1 23 +oo 1 26 +oo 2 18 ooo 2 16 ooo 2 17 ooo 2 24 o+o 3 5 ooo 3 21 ooo 3 17 ooo 4 15 ooo 4 22 o++ 4 19 oo+ 4 24 o+o 5 29 ooo 5 11 ooo 5 8 ooo 6 27 ooo 6 18 ooo 6 21 oo+ 7 19 -o+ 7 26 ooo 7 27 o+o 7 28 oo+ 8 27 ooo 8 16 o-o 8 10 ooo 9 19 -oo 9 17 -oo 9 25 ooo 9 29 o+o 10 24 ooo 10 13 ooo 11 28 o-o 11 16 o-o 11 22 ooo 12 22 -oo 12 23 ooo 12 29 ooo 12 21 ooo 13 22 oo+ 13 26 +oo 14 24 -oo 14 20 ooo 14 29 ooo 14 27 ooo 15 28 oo+ 15 18 ooo 15 21 oo+ 16 25 ooo 18 20 ooo 20 23 ooo 20 26 ooo 23 25 ooo 25 28 ooo ,61.23397594,trigonal
o w n OOE b OOO e OOE o C C C C C C C C C C C C C C C C C C C C C C C C 0 16 ooo 0 21 ooo 0 3 ooo 1 4 o+o 1 17 ooo 1 22 o+o 2 5 -oo 2 15 ooo 2 23 oo+ 3 18 ooo 3 13 ooo 4 14 ooo 4 19 ooo 5 12 ooo 5 20 +o+ 6 21 oo- 6 14 ooo 6 9 ooo 7 13 ooo 7 10 +oo 7 23 +oo 8 11 o-o 8 22 ooo 8 12 ooo 9 18 oo- 9 17 ooo 10 20 ooo 10 16 ooo 11 19 o+o 11 15 ooo 12 18 o-o 12 21 +oo 13 22 o+o 13 19 ++o 14 23 o-o 14 20 ooo 15 18 -oo 15 21 o+o 16 22 -oo 16 19 ooo 17 23 +oo 17 20 ++o ,44.92310489,hexagonal
o w n OOO i OOO k OOO o C C C C C C C C C C C C C C C C C C C C C C C C C C C C C C C C C C C C C C C C C C 0 18 --o 0 41 -oo 0 17 ooo 0 21 ooo 1 25 ooo 1 14 o-o 1 10 oo- 1 22 ooo 2 20 ooo 2 26 ooo 2 16 ooo 2 12 ooo 3 11 ooo 3 40 ooo 3 18 ooo 3 24 +oo 4 22 ooo 4 19 ooo 4 13 oo- 4 17 +oo 5 23 ooo 5 15 ooo 5 10 o+o 5 26 ooo 6 24 ooo 6 21 o+o 6 14 ooo 6 39 o+o 7 25 ooo 7 11 ooo 7 16 oo- 7 19 ooo 8 9 ooo 8 13 -oo 8 23 ooo 8 20 ooo 9 27 --o 9 41 -oo 9 30 ooo 10 34 ooo 10 31 ooo 11 29 ooo 11 35 ooo 12 40 ooo 12 27 ooo 12 33 +oo 13 31 ooo 13 28 ooo 14 32 ooo 14 35 ooo 15 33 ooo 15 30 o+o 15 39 o+o 16 34 ooo 16 28 ooo 17 32 ooo 17 29 ooo 18 35 ooo 18 38 o+o 19 28 oo- 19 32 +oo 20 30 ooo 20 34 ooo 21 29 ooo 21 37 ooo 22 35 o-o 22 31 oo- 23 28 -oo 23 33 ooo 24 32 ooo 24 36 -oo 25 29 ooo 25 34 oo- 26 27 ooo 26 31 o+o 27 38 o+o 30 37 ooo 33 36 -oo 36 40 ooo 36 41 ooo 37 39 ooo 37 40 ooo 38 39 ooo 38 41 ooo ,39.69413938,hexagonal
o z o C C C C C C C C C C C C C C C C C C C C C C C C C C C C C C C C C C C C C C C C C C C C C C C C C C C C C C C C C C C C C C C C 0 57 o-o 0 11 ooo 0 2 ooo 0 25 ooo 1 55 ooo 1 35 o+- 1 36 o+o 2 19 o-o 2 62 o-o 2 56 ooo 3 34 ooo 3 17 oo- 4 17 oo- 4 6 ooo 4 15 oo- 4 54 o+- 5 40 o-o 5 7 ooo 5 47 o-o 5 58 ooo 6 59 ooo 6 63 o+o 6 27 o+o 7 25 ooo 7 46 ooo 7 12 ooo 8 10 ooo 8 21 oo+ 8 51 oo+ 9 11 ooo 9 32 ooo 9 49 ooo 9 39 ooo 10 60 ooo 10 50 ooo 10 31 ooo 11 38 -oo 11 29 -oo 12 48 ooo 12 29 ooo 12 14 ooo 13 43 oo+ 13 52 ooo 13 44 ooo 13 15 ooo 14 23 ooo 14 53 ooo 14 61 ooo 15 21 oo+ 15 42 ooo 16 54 oo- 16 27 ooo 16 41 ooo 16 18 ooo 17 19 ooo 17 52 ooo 18 60 oo- 18 35 oo- 18 53 ooo 19 24 -oo 19 33 -+o 20 33 -oo 20 31 -oo 20 51 -o+ 20 22 ooo 21 23 ooo 21 55 ooo 22 63 oo+ 22 56 ooo 22 43 oo+ 23 41 ooo 23 28 ooo 24 26 ooo 24 37 +oo 24 57 +oo 25 49 ooo 25 27 ooo 26 50 ooo 26 47 ooo 26 61 ooo 27 45 o-o 28 30 ooo 28 48 ooo 28 45 ooo 29 58 ooo 29 31 ooo 30 39 ooo 30 59 ooo 30 62 ooo 31 37 +oo 32 51 -oo 32 34 ooo 32 43 ooo 33 35 ooo 33 58 ooo 34 61 -oo 34 59 ooo 35 40 o-o 36 47 o-o 36 57 +-o 36 38 ooo 37 39 ooo 37 52 ooo 38 53 ooo 38 63 +oo 39 44 ooo 40 42 ooo 40 54 o+o 41 49 ooo 41 43 ooo 42 62 ooo 42 50 ooo 44 46 ooo 44 48 ooo 45 55 ooo 45 47 ooo 46 56 ooo 46 60 ooo 48 50 ooo 49 63 ooo 51 53 ooo 52 62 ooo 54 56 ooo 55 61 ooo 57 59 ooo 58 60 ooo ,72.3538014,triclinic
+ w b OOO g OOO c DDO o C C C C C C C C C C C C C C C C 0 2 o-o 0 10 ooo 0 13 ooo 0 3 +oo 1 2 -oo 1 11 ooo 1 12 ooo 1 3 o+o 2 9 ooo 2 14 ooo 3 8 ooo 3 15 ooo 4 7 ooo 4 6 ooo 4 9 ooo 4 14 ooo 5 8 ooo 5 15 ooo 5 7 ooo 5 6 ooo 6 10 ooo 6 13 ooo 7 11 ooo 7 12 ooo 8 9 o-o 8 15 oo- 9 14 oo- 10 13 oo- 10 11 +oo 11 12 oo- 12 13 -oo 14 15 o+o ,38.36623091,tetragonal
o w b OOD g OOB c OOO o C C C C C C C C C C C C C C C C C C C C 0 7 -oo 0 19 ooo 0 14 ooo 0 1 oo+ 1 15 ooo 1 4 o+o 2 12 oo- 2 3 ooo 2 18 ooo 2 5 +oo 3 6 o-o 3 13 ooo 4 10 oo- 4 5 ooo 4 16 ooo 5 11 ooo 6 17 ooo 6 8 ooo 6 7 ooo 7 9 ooo 8 18 ooo 8 9 oo- 8 15 +oo 9 12 o+o 10 13 -oo 10 11 ooo 10 19 ooo 11 14 o-o 12 16 oo+ 12 13 ooo 14 15 ooo 14 17 ooo 16 19 oo- 16 18 ooo 17 19 ooo 17 18 ooo ,55.55286061,tetragonal
o w n OOE b OOD e OOE o C C C C C C C C C C C C C C C C C C C C C C C C C C C C C C 0 21 o+o 0 20 ooo 0 17 ooo 0 25 ooo 1 20 o-o 1 16 ooo 1 23 oo+ 1 21 ooo 2 19 -oo 2 26 ooo 2 18 ooo 2 15 ooo 3 14 ooo 3 21 ooo 3 19 ooo 3 18 +oo 4 24 ooo 4 13 oo- 4 23 ooo 4 22 ooo 5 23 ooo 5 22 ooo 5 12 oo- 5 19 ooo 6 23 ooo 6 28 ooo 6 15 o-o 6 14 ooo 7 15 ooo 7 22 ooo 7 17 ooo 7 14 o+o 8 21 ooo 8 12 ooo 8 29 oo+ 8 13 +oo 9 12 -oo 9 13 ooo 9 20 ooo 9 15 oo+ 10 16 ooo 10 17 ooo 10 19 ooo 10 27 ooo 11 18 ooo 11 13 ooo 11 16 ooo 11 17 ooo 12 27 ooo 14 29 ooo 16 28 ooo 18 24 ooo 20 26 ooo 22 25 oo- 24 29 -oo 24 28 ooo 25 27 ooo 25 29 o++ 26 27 -oo 26 28 o+o ,59.02278154,hexagonal
o u a DDD b DOD c ODD d OOO e FBB o C C C C C C C C C C C C C C C C C C C C C C C C C C C C C C C C 0 4 ooo 0 19 ooo 0 28 ooo 0 14 +oo 1 21 ooo 1 3 ooo 1 29 ooo 1 16 oo+ 2 29 oo- 2 12 ooo 2 17 ooo 2 6 ooo 3 28 -oo 3 18 ooo 3 23 ooo 4 13 oo- 4 16 o-o 4 31 +oo 5 7 ooo 5 14 ooo 5 30 ooo 5 20 o+o 6 18 ooo 6 30 ooo 6 15 o+o 7 22 oo- 7 12 -oo 7 31 o+o 8 17 ooo 8 28 ooo 8 9 ooo 8 22 +oo 9 30 o-o 9 13 ooo 9 21 ooo 10 20 ooo 10 11 ooo 10 29 ooo 10 19 oo+ 11 23 o-o 11 15 -oo 11 31 oo+ 12 16 ooo 12 24 ++o 13 15 ooo 13 25 +o+ 14 25 ooo 14 18 ooo 15 24 +oo 16 27 o+o 17 19 ooo 17 26 ooo 18 26 ooo 19 27 ooo 20 24 ooo 20 21 ooo 21 26 ooo 22 25 oo+ 22 23 ooo 23 27 o++ 24 28 -oo 25 29 oo- 26 31 ooo 27 30 o-o ,70.77134337,cubic
+ w n OOO b OOD e OOO o C C C C C C C C C C C C C C C C 0 15 --o 0 15 -oo 0 15 ooo 0 10 oo+ 1 5 o-o 1 5 ooo 1 5 +oo 1 3 ooo 2 12 -oo 2 12 ooo 2 12 o+o 2 8 ooo 3 11 o-o 3 11 ooo 3 11 +oo 4 10 ooo 4 10 o+o 4 10 ++o 4 11 ooo 5 6 ooo 6 9 ooo 6 9 o+o 6 9 ++o 7 8 o-o 7 8 ooo 7 8 +oo 7 14 ooo 9 13 ooo 12 15 ooo 13 14 --o 13 14 -oo 13 14 ooo ,95.27958187993914,hexagonal
o u a DDD b DDD g ODB c DOF h ODB + OBZ C C C C C C C C C C C C C C C C C C C C C C C C C C C C C C C C C C C C C C C C C C C C C C C C 0 36 -oo 0 39 ooo 0 25 ooo 0 29 ooo 1 8 ooo 1 13 ooo 1 24 ooo 1 19 ooo 2 38 ooo 2 20 ooo 2 27 ooo 2 10 ooo 3 28 ooo 3 36 ooo 3 26 +oo 3 39 +oo 4 27 --o 4 16 ooo 4 11 o-o 4 22 ooo 5 23 ooo 5 7 ooo 5 24 ooo 5 41 ooo 6 42 oo- 6 45 ooo 6 31 o-- 6 35 ooo 7 22 ooo 7 30 ooo 7 13 ooo 8 14 ooo 8 33 ooo 8 47 ooo 9 34 -o+ 9 32 ooo 9 42 ooo 9 45 oo+ 10 33 ooo 10 19 ooo 10 16 ++o 11 17 ooo 11 44 ooo 11 30 o+o 12 41 ooo 12 24 ooo 12 27 oo+ 12 37 +o+ 13 20 ooo 13 36 ooo 14 39 ooo 14 26 ooo 14 22 ooo 15 38 ooo 15 40 o+- 15 24 oo- 15 27 ooo 16 39 ooo 16 23 ooo 17 36 -oo 17 19 -oo 17 29 ooo 18 30 ooo 18 33 o-o 18 47 o-o 18 43 ooo 19 42 ++o 20 45 ooo 20 35 ooo 21 44 ooo 21 30 o+o 21 46 ooo 21 33 ooo 22 45 ooo 23 32 ooo 23 42 ooo 25 43 -oo 25 37 oo+ 25 32 ooo 26 34 -oo 26 44 ooo 28 46 o-o 28 35 ooo 28 40 oo- 29 31 ooo 29 47 ooo 31 37 oo+ 31 46 oo+ 32 38 oo+ 34 40 oo- 34 43 oo- 35 41 oo- 37 44 ooo 38 46 ooo 40 47 o-o 41 43 ooo ,58.86372638,tetragonal
o v b OOO g DDO c DDD h DDO + YBO C C C C C C C C C C C C C C C C C C C C C C C C C C C C C C C C C C C C C C C C C C C C C C C C C C C C C C C C C C C C C C C C C C C C 0 28 ooo 0 64 ooo 0 1 ooo 0 2 ooo 1 33 ooo 1 10 ooo 1 51 ooo 2 26 ooo 2 3 ooo 2 13 ooo 3 49 oo- 3 11 ooo 3 15 +oo 4 6 ooo 4 5 ooo 4 64 ooo 4 24 ooo 5 55 ooo 5 14 ooo 5 37 ooo 6 9 ooo 6 7 ooo 6 30 ooo 7 11 -oo 7 15 ooo 7 53 oo- 8 65 ooo 8 10 -oo 8 20 ooo 8 9 ooo 9 63 ooo 9 41 ooo 10 18 ooo 10 11 ooo 11 61 oo- 12 13 ooo 12 16 ooo 12 14 +oo 12 65 ++o 13 45 ooo 13 59 ooo 14 15 ooo 14 22 ooo 15 57 oo- 16 17 ooo 16 18 o+o 16 66 ++o 17 26 ooo 17 35 oo- 17 49 oo- 18 19 ooo 18 29 ooo 19 27 o-o 19 31 ooo 19 33 ooo 20 66 ooo 20 22 o-o 20 21 ooo 21 53 oo- 21 39 oo- 21 30 ooo 22 25 ooo 22 23 ooo 23 37 ooo 23 27 ooo 23 31 o+o 24 25 ooo 24 67 ooo 24 26 ooo 25 57 oo- 25 47 oo- 26 27 ooo 27 45 ooo 28 30 ooo 28 67 ooo 28 29 ooo 29 43 oo- 29 61 oo- 30 31 ooo 31 41 ooo 32 34 o-o 32 33 ooo 32 65 +oo 32 60 ooo 33 42 ooo 34 45 ooo 34 35 ooo 34 58 ooo 35 47 ooo 35 43 o+o 36 56 ooo 36 65 o+o 36 37 ooo 36 38 o+o 37 46 ooo 38 62 ooo 38 39 ooo 38 41 ooo 39 47 o-o 39 43 ooo 40 41 ooo 40 52 ooo 40 42 ooo 40 64 ooo 42 43 ooo 42 50 ooo 44 64 ooo 44 46 ooo 44 48 ooo 44 45 ooo 46 54 ooo 46 47 ooo 48 67 oo+ 48 50 ooo 48 49 ooo 49 58 ooo 50 61 ooo 50 51 ooo 51 63 +oo 51 59 ooo 52 53 ooo 52 54 ooo 52 67 oo+ 53 62 ooo 54 55 ooo 54 57 ooo 55 63 ooo 55 59 -oo 56 58 -oo 56 66 o++ 56 57 ooo 58 59 ooo 60 61 ooo 60 66 +o+ 60 62 +oo 62 63 ooo ,80.73811226,tetragonal
o u a DDD b DDD g ODB c DOB h ODB + OBZ C C C C C C C C C C C C C C C C C C C C C C C C C C C C C C C C C C C C C C C C C C C C C C C C C C C C C C C C C C C C C C C C C C C C C C C C 0 9 ooo 0 24 ooo 0 38 ooo 0 69 oo+ 1 18 ooo 1 62 ooo 1 15 ooo 1 12 ooo 2 63 ooo 2 36 ooo 2 17 +oo 2 61 oo- 3 64 ooo 3 62 ooo 3 19 ooo 3 9 ooo 4 68 ooo 4 34 o+o 4 28 ooo 4 13 ooo 5 58 ooo 5 11 o+o 5 8 o+o 5 22 ooo 6 21 -oo 6 32 ooo 6 59 ooo 6 57 oo+ 7 13 ooo 7 23 ooo 7 65 ooo 7 58 +oo 8 46 ooo 8 71 o-o 8 16 ooo 9 30 ooo 9 54 ooo 10 29 ooo 10 55 ooo 10 53 ooo 10 44 +oo 11 66 ooo 11 31 ooo 11 54 ooo 12 20 ooo 12 70 o+o 12 42 ooo 13 50 ooo 13 26 ooo 14 51 o-o 14 40 ooo 14 25 ooo 14 49 ooo 15 67 ooo 15 50 ooo 15 27 ooo 16 54 ooo 16 70 ooo 16 25 ooo 17 28 --o 17 31 ooo 17 46 ooo 18 45 ooo 18 47 ooo 18 52 ooo 19 46 ooo 19 67 ooo 19 25 ooo 20 71 ooo 20 50 ooo 20 29 o+o 21 27 ooo 21 24 ooo 21 42 ooo 22 48 o+o 22 41 ooo 22 43 o+o 23 42 ooo 23 29 o+o 23 66 ++o 24 62 ooo 24 68 oo+ 25 38 ooo 26 37 oo- 26 60 ooo 26 39 ooo 27 38 ooo 27 65 ooo 28 69 ooo 28 58 +oo 29 34 ooo 30 56 ooo 30 33 oo+ 30 35 ooo 31 34 -oo 31 64 ooo 32 65 -oo 32 56 ooo 32 41 ooo 33 44 oo- 33 47 ooo 33 50 ooo 34 49 ooo 35 41 ooo 35 51 oo+ 35 68 oo+ 36 45 +oo 36 60 ooo 36 64 +oo 37 54 ooo 37 40 oo+ 37 43 ooo 38 53 ooo 39 69 ooo 39 55 oo- 39 45 +oo 40 48 oo- 40 67 ooo 41 62 ooo 42 61 o+o 43 63 oo+ 43 70 ooo 44 66 ooo 44 52 oo+ 45 58 ooo 46 57 o-o 47 59 oo- 47 71 ooo 48 57 o-+ 48 66 ooo 49 63 ooo 49 60 ooo 51 57 ooo 51 71 ooo 52 61 -o- 52 67 ooo 53 56 +oo 53 59 +oo 55 70 ooo 55 61 ooo 56 64 ooo 59 69 -o+ 60 65 ooo 63 68 o-o ,73.6515705,tetragonal
o v b OOO g DDD c DDD h DDD + YBY C C C C C C C C C C C C C C C C C C C C C C C C C C C C C C C C 0 25 ooo 0 17 o+o 0 6 ooo 0 13 +oo 1 12 -oo 1 16 ooo 1 7 ooo 1 24 ooo 2 19 ooo 2 4 oo+ 2 27 +oo 2 14 ooo 3 26 ooo 3 15 ooo 3 18 ooo 3 5 oo+ 4 9 ooo 4 29 ooo 4 21 ooo 5 20 ooo 5 28 o+o 5 8 ooo 6 31 ooo 6 23 +oo 6 10 o+o 7 22 ooo 7 11 o-o 7 30 ooo 8 14 oo- 8 21 ooo 8 29 o+o 9 28 ooo 9 15 oo- 9 20 ooo 10 30 ooo 10 12 ooo 10 22 +oo 11 13 ooo 11 23 ooo 11 31 ooo 12 17 ooo 12 25 ooo 13 24 ooo 13 16 o+o 14 18 ooo 14 26 +oo 15 27 ooo 15 19 ooo 16 28 ooo 17 29 ooo 18 31 ooo 19 30 ooo 20 24 ooo 21 25 ooo 22 27 ooo 23 26 ooo ,85.27967487,tetragonal
o x n OOC f OOE o C C C C C C C C C C C C C C C C C C 0 7 ooo 0 9 ooo 0 14 o+o 0 12 ooo 1 10 --o 1 13 ooo 1 3 oo+ 1 14 ooo 2 11 ooo 2 12 o-o 2 17 ooo 2 13 +oo 3 11 -oo 3 9 oo- 3 15 ooo 4 6 ooo 4 11 o+o 4 10 oo- 4 16 +oo 5 14 ooo 5 10 ooo 5 17 ooo 5 9 +oo 6 15 ooo 6 12 ooo 6 17 ooo 7 17 -oo 7 13 o+o 7 16 ooo 8 16 o-o 8 14 oo- 8 15 ooo 8 11 ooo 9 16 oo+ 10 12 ooo 13 15 ooo ,67.51406742,trigonal
o w b OOO m OOO c OOO o C C C C C C C C C C C C C C C C 0 6 ooo 0 9 +o+ 0 5 ooo 0 5 oo+ 1 8 oo+ 1 4 ooo 1 4 oo+ 1 7 ooo 2 11 ooo 2 4 ooo 2 6 oo- 2 6 ooo 3 7 oo- 3 7 ooo 3 5 ooo 3 10 o+o 4 9 ooo 5 8 +oo 6 10 oo+ 7 11 o++ 8 15 oo- 8 15 ooo 9 14 oo- 9 14 ooo 10 12 oo- 10 12 ooo 11 13 oo- 11 13 ooo 12 15 +-o 12 14 +oo 13 15 o-o 13 14 ooo ,31.52696077,tetragonal
+ w n OOO b OOO e OOD o C C C C C C C C C C C C C C C C C C C C C C C C C C C C C C C C C C C C C C C C C C C C C C C C 0 2 ooo 0 31 o+o 0 41 ooo 0 1 o+o 1 40 oo+ 1 21 o-o 1 17 +oo 2 43 ooo 2 47 ooo 2 15 oo+ 3 28 o-o 3 46 ooo 3 14 oo- 3 42 ooo 4 27 -oo 4 37 ooo 4 5 -oo 4 6 ooo 5 21 ooo 5 36 oo+ 5 13 +oo 6 19 oo+ 6 39 ooo 6 43 ooo 7 42 ooo 7 18 oo- 7 38 ooo 7 24 +oo 8 45 ooo 8 9 ooo 8 10 ooo 8 35 ooo 9 17 ooo 9 13 o-o 9 44 oo+ 10 39 ooo 10 23 oo+ 10 47 ooo 11 46 ooo 11 32 ooo 11 22 oo- 11 38 ooo 12 13 o-o 12 29 ooo 12 43 o-o 12 14 ooo 13 28 oo+ 14 35 ooo 14 31 ooo 15 30 ooo 15 34 ooo 15 40 o+o 16 18 ooo 16 25 ooo 16 17 +oo 16 39 +oo 17 24 oo+ 18 31 ooo 18 27 ooo 19 36 -oo 19 26 ooo 19 30 ooo 20 47 ooo 20 22 ooo 20 33 ooo 20 21 ooo 21 32 oo+ 22 35 ooo 22 27 ooo 23 26 ooo 23 44 ooo 23 34 ooo 24 25 -oo 24 26 ooo 25 41 o-o 25 45 +oo 26 39 ooo 27 38 ooo 28 29 o+o 28 30 ooo 29 37 o-o 29 45 ooo 30 43 ooo 31 42 ooo 32 34 ooo 32 33 ooo 33 41 ooo 33 37 +oo 34 47 ooo 35 46 ooo 36 38 ooo 36 37 +oo 40 42 ooo 40 41 o-o 44 45 ooo 44 46 ooo ,87.60945961,hexagonal
+ w b OOO g OOO c OOO o C C C C C C C C C C C C C C C C C C C C C C C C 0 1 ooo 0 16 o-o 0 19 ooo 0 5 oo+ 1 18 o-o 1 17 ooo 1 4 oo+ 2 16 -oo 2 3 ooo 2 18 ooo 2 6 oo+ 3 19 -oo 3 17 ooo 3 7 oo+ 4 20 o-o 4 23 ooo 4 5 ooo 5 22 o-o 5 21 ooo 6 22 -oo 6 7 ooo 6 20 ooo 7 21 -oo 7 23 ooo 8 11 ooo 8 21 ooo 8 19 ooo 8 10 ooo 9 20 ooo 9 18 ooo 9 11 ooo 9 10 ooo 10 22 ooo 10 16 ooo 11 23 ooo 11 17 ooo 12 15 ooo 12 19 oo- 12 21 ooo 12 14 ooo 13 18 oo- 13 20 ooo 13 15 ooo 13 14 ooo 14 16 oo- 14 22 ooo 15 17 oo- 15 23 ooo ,58.95347596,tetragonal
o w n OOO b OOD k OOO o C C C C C C C C C C C C C C C C C C C C C C C C C C C C C C C C C C C C C C C C C C C C C C C C 0 3 ooo 0 43 o-o 0 37 oo+ 0 28 ooo 1 36 ooo 1 39 ooo 1 33 ooo 1 29 ooo 2 34 ooo 2 35 ooo 3 34 ooo 3 40 o-o 3 37 ooo 4 45 oo+ 4 24 ooo 4 7 ooo 4 39 +oo 5 29 ooo 5 25 ooo 5 44 ooo 5 47 ooo 6 31 ooo 6 30 ooo 7 45 ooo 7 30 ooo 7 36 +oo 8 32 ooo 8 47 ooo 8 41 oo+ 8 11 ooo 9 33 ooo 9 43 ooo 9 40 ooo 9 25 ooo 10 26 ooo 10 27 ooo 11 44 ooo 11 41 ooo 11 26 ooo 12 40 ooo 12 25 ooo 12 15 oo- 12 31 o+o 13 41 ooo 13 45 ooo 13 24 oo- 13 27 ooo 14 47 ooo 14 46 ooo 15 25 ooo 15 28 o+o 15 46 ooo 16 27 -oo 16 19 oo- 16 36 ooo 16 33 ooo 17 32 oo- 17 35 ooo 17 37 ooo 17 41 ooo 18 42 ooo 18 43 ooo 19 24 -oo 19 42 ooo 19 33 ooo 20 23 oo- 20 29 ooo 20 35 ooo 20 44 ooo 21 28 oo- 21 37 ooo 21 31 ooo 21 45 ooo 22 39 ooo 22 38 ooo 23 38 ooo 23 29 ooo 23 32 ooo 24 27 ooo 28 31 ooo 32 35 ooo 36 39 oo- 40 43 oo- 44 47 oo- ,46.73665603,hexagonal
+ w n OOO b OOD e OOD o C C C C C C C C C C C C C C C C C C C C C C C C C C C C C C C C C C C C C C C C C C C C C C C C 0 35 ooo 0 11 ooo 0 10 ooo 0 15 ooo 1 10 ooo 1 9 ooo 1 34 ooo 1 16 ooo 2 11 ooo 2 33 o+o 2 9 ooo 2 17 ooo 3 7 oo- 3 8 oo- 3 32 +o- 3 12 ooo 4 31 oo- 4 6 oo- 4 7 oo- 4 13 ooo 5 6 oo- 5 30 oo- 5 8 oo- 5 14 ooo 6 29 oo+ 6 21 ooo 7 28 oo+ 7 22 ooo 8 23 ooo 8 27 +o+ 9 18 ooo 9 26 o+o 10 25 ooo 10 19 ooo 11 24 ooo 11 20 ooo 12 22 ooo 12 23 ooo 12 24 +oo 13 25 ooo 13 21 ooo 13 22 ooo 14 21 ooo 14 26 ooo 14 23 ooo 15 27 oo+ 15 20 oo+ 15 19 oo+ 16 19 oo+ 16 18 oo+ 16 28 oo+ 17 20 oo+ 17 29 o++ 17 18 oo+ 18 30 o+- 19 31 oo- 20 32 oo- 21 33 ooo 22 34 ooo 23 35 +oo 24 45 ooo 24 32 ooo 25 47 ooo 25 31 ooo 26 46 ooo 26 30 ooo 27 42 ooo 27 35 ooo 28 44 ooo 28 34 ooo 29 43 ooo 29 33 ooo 30 39 ooo 31 41 ooo 32 40 ooo 33 36 ooo 34 38 ooo 35 37 ooo 36 45 o-o 36 47 ooo 36 43 ooo 37 46 -oo 37 42 ooo 37 47 ooo 38 46 o+o 38 44 ooo 38 45 +oo 39 44 o-+ 39 46 ooo 39 42 +o+ 40 44 -o+ 40 45 ooo 40 43 o++ 41 42 oo+ 41 43 oo+ 41 47 ooo ,82.73913397,hexagonal
o w b OOO m OOO c OOD o C C C C C C C C C C C C C C C C C C C C C C C C C C C C C C C C 0 31 ooo 0 21 ooo 0 23 +oo 0 16 +oo 1 2 ooo 1 30 oo+ 1 21 ooo 1 20 ooo 2 29 ooo 2 18 ooo 2 11 ooo 3 20 -o- 3 19 -oo 3 14 ooo 3 28 ooo 4 19 -oo 4 20 -oo 4 17 ooo 4 27 ooo 5 16 ooo 5 6 ooo 5 26 oo+ 5 17 ooo 6 15 ooo 6 25 ooo 6 22 ooo 7 24 ooo 7 10 ooo 7 16 +o- 7 23 +oo 8 27 o-o 8 23 ooo 8 28 o-o 8 25 ooo 9 25 ooo 9 24 ooo 9 22 oo- 9 10 ooo 10 30 ooo 10 21 ooo 11 24 o++ 11 20 ooo 11 31 o+o 12 29 ooo 12 19 ooo 12 24 o+o 12 31 o+o 13 18 oo- 13 14 ooo 13 28 ooo 13 29 ooo 14 17 ooo 14 26 ooo 15 16 ooo 15 27 o-o 15 28 o-+ 17 18 ooo 18 27 ooo 19 30 ooo 21 22 ooo 22 31 ooo 23 26 ooo 25 26 ooo 29 30 ooo ,44.49895178,tetragonal
+ v a DDD b OOO g OOO c OOD o C C C C C C C C C C C C C C C C C C C C C C C C 0 20 ooo 0 5 o+o 0 6 +oo 0 14 o+o 1 15 ooo 1 21 ooo 1 7 ooo 1 4 ooo 2 4 oo- 2 23 ooo 2 6 +oo 2 12 +oo 3 13 ooo 3 7 ooo 3 22 ooo 3 5 o++ 4 10 +oo 4 16 +oo 5 11 ooo 5 17 ooo 6 19 o+o 6 8 o+o 7 9 ooo 7 18 ooo 8 14 -oo 8 13 o-o 8 21 ooo 9 12 ooo 9 15 ooo 9 20 ooo 10 14 -oo 10 22 ooo 10 12 oo+ 11 13 o-- 11 23 ooo 11 15 ooo 12 17 -oo 13 16 ooo 14 18 o-o 15 19 ooo 16 18 -oo 16 19 o++ 17 18 o-- 17 19 +oo 20 22 oo- 20 23 ooo 21 22 ooo 21 23 oo+ ,44.04065447,tetragonal
o v a DDD b DDD g ODB j OOO o C C C C C C C C C C C C C C C C C C C C C C C C 0 8 ooo 0 10 ooo 0 7 o+o 0 3 oo+ 1 18 ooo 1 4 oo+ 1 23 o-o 1 2 +o+ 2 5 ooo 2 8 ooo 2 10 ooo 3 21 ooo 3 6 oo- 3 16 ooo 4 12 oo- 4 14 ooo 4 7 oo- 5 17 -o- 5 22 -oo 5 6 oo- 6 12 ooo 6 14 oo+ 7 20 o-o 7 19 oo+ 8 15 o+o 8 11 -oo 9 21 o-o 9 12 ooo 9 10 ooo 9 18 ooo 10 13 ooo 11 14 ooo 11 16 ooo 11 23 ooo 12 15 ooo 13 14 ooo 13 17 ooo 13 20 ooo 15 19 -oo 15 22 --o 16 18 o+o 16 19 o+o 17 18 ooo 17 19 ooo 20 23 ooo 20 22 oo+ 21 22 -oo 21 23 -o- ,65.23085458,tetragonal
o x n OOE b OOD o C C C C C C C C C C C C C C C C C C C C C C C C 0 4 -oo 0 5 o+o 0 6 ooo 0 16 ooo 1 3 -oo 1 17 ooo 1 5 ooo 1 7 ooo 2 8 oo- 2 15 ooo 2 3 o+o 2 4 oo- 3 13 ooo 3 9 oo- 4 10 ooo 4 14 oo+ 5 11 ooo 5 12 ooo 6 22 ooo 6 17 ooo 6 21 ooo 7 22 ooo 7 23 oo- 7 15 ooo 8 23 ooo 8 21 ooo 8 16 ooo 9 18 ooo 9 14 oo+ 9 19 ooo 10 12 ooo 10 20 ooo 10 19 ooo 11 18 oo- 11 13 ooo 11 20 ooo 12 23 ooo 12 18 ooo 13 21 o-o 13 19 ooo 14 20 ooo 14 22 +oo 15 21 ooo 15 20 ooo 16 22 oo+ 16 18 o+o 17 19 -oo 17 23 ooo ,60.07804697,hexagonal
o x n OOC e OOO o C C C C C C C C C C C C C C C C C C C C C C C C 0 6 ooo 0 19 ooo 0 12 ooo 0 21 ooo 1 18 oo- 1 20 oo- 1 7 ooo 1 3 ooo 2 18 o+o 2 17 ooo 2 8 oo+ 3 15 oo- 3 9 oo- 3 16 ooo 4 17 ooo 4 20 o+o 4 10 ooo 4 15 ooo 5 7 ooo 5 16 ooo 5 14 ooo 5 11 ooo 6 14 -oo 6 13 oo- 7 23 o-o 7 12 ooo 8 16 -oo 8 13 oo- 8 23 ooo 9 12 ooo 9 11 ooo 9 22 ooo 10 21 ooo 10 22 ooo 11 20 ooo 11 19 +oo 12 18 ooo 13 19 ooo 13 15 ooo 14 20 oo- 15 21 oo+ 16 22 ooo 17 19 ooo 17 23 ooo 21 23 ooo ,57.49514802,trigonal
+ x b OOO g OOD o C C C C C C 0 4 ooo 0 2 ooo 0 3 ooo 0 5 ooo 1 4 oo+ 1 2 ooo 1 3 ooo 1 5 oo+ 2 3 o+o 4 5 -oo ,20.09055972,tetragonal
o x n OOE e OOO o C C C C C C C C C C C C C C C C C C C C C C C C C C C C C C 0 9 ooo 0 21 ooo 0 20 o+o 0 27 o+o 1 20 ooo 1 27 ooo 1 22 ooo 1 8 ooo 2 14 ooo 2 26 ooo 2 25 ooo 2 21 ooo 3 18 oo- 3 9 o-- 3 23 o-o 3 11 ooo 4 10 ooo 4 7 ooo 4 13 ooo 4 24 o+o 5 15 -oo 5 22 -oo 5 14 ooo 5 16 ooo 6 17 ooo 6 13 ooo 6 15 ooo 6 22 ooo 7 16 ooo 7 20 o+o 7 21 ooo 8 28 o-o 8 14 +oo 8 18 +oo 9 19 -oo 9 12 oo+ 10 26 oo- 10 25 oo- 10 17 ooo 11 25 oo- 11 17 ooo 11 27 oo- 12 15 -oo 12 26 oo- 12 16 ooo 13 28 ooo 13 23 +oo 14 29 ooo 15 24 ooo 16 23 ooo 17 29 ooo 18 24 -o+ 18 26 ooo 19 25 ooo 19 28 ooo 19 22 ooo 20 29 ooo 21 28 ooo 23 29 o+o 24 27 oo- ,61.24227597,trigonal
o x b OOD g OOB o C C C C C C C C C C C C C C C C C C C C 0 17 o-o 0 4 ooo 0 12 ooo 0 14 oo+ 1 16 o-o 1 11 -o+ 1 17 o-o 1 4 ooo 2 11 -oo 2 10 -oo 2 13 ooo 2 15 ooo 3 13 oo+ 3 19 ooo 3 17 ooo 3 18 ooo 4 15 ooo 4 13 oo+ 5 19 ooo 5 17 oo- 5 9 ooo 5 12 o+o 6 9 ooo 6 12 o+o 6 16 +oo 6 11 o+o 7 18 ooo 7 10 oo+ 7 15 +oo 7 16 +oo 8 13 ooo 8 14 ooo 8 12 ooo 8 18 ooo 9 18 ooo 9 10 ooo 10 14 ooo 11 14 ooo 15 19 ooo 16 19 ooo ,49.21168013,tetragonal
o w n OOO b OOO e OOO o C C C C C C C C C C C C C C C C C C C C C C C C C C C C 0 16 ooo 0 27 oo+ 0 3 o-o 0 13 ooo 1 13 ooo 1 4 +oo 1 17 +oo 1 25 +o+ 2 5 ooo 2 13 ooo 2 18 ooo 2 26 oo+ 3 12 ooo 3 19 o+o 3 24 o++ 4 20 ooo 4 22 oo+ 4 12 ooo 5 21 ooo 5 23 oo+ 5 12 ooo 6 9 -oo 6 25 ooo 6 17 ooo 6 15 ooo 7 27 o+o 7 16 o+o 7 15 ooo 7 10 o+o 8 11 ooo 8 15 ooo 8 26 ooo 8 18 ooo 9 14 ooo 9 22 +oo 9 20 +oo 10 14 ooo 10 24 ooo 10 19 ooo 11 23 ooo 11 21 ooo 11 14 ooo 12 15 ooo 13 14 ooo 16 20 o-o 16 21 ooo 17 19 -oo 17 21 ooo 18 19 o+o 18 20 +oo 22 26 -oo 22 27 o+o 23 25 ooo 23 27 ooo 24 26 o-o 24 25 +oo ,77.89042499,hexagonal
o w b OOD g OOF c OOO o C C C C C C C C C C C C 0 6 ooo 0 5 o-o 0 8 ooo 1 9 oo+ 1 7 ooo 1 4 o+o 2 4 ooo 2 10 oo+ 2 6 +o+ 3 7 -oo 3 11 ooo 3 5 ooo 4 8 ooo 5 9 ooo 6 11 oo- 7 10 ooo 8 11 ooo 8 10 ooo 9 11 oo- 9 10 ooo ,48.78795531,tetragonal
o x n OOE e OOO o C C C C C C C C C C C C C C C C C C C C C C C C 0 1 ooo 0 11 oo+ 0 3 ooo 0 18 ooo 1 17 o-o 1 7 ooo 1 22 oo+ 2 16 ooo 2 21 ooo 2 18 o+o 3 4 ooo 3 9 oo+ 3 23 +oo 4 7 ooo 4 14 ooo 4 5 ooo 5 11 ooo 5 18 ooo 5 13 +oo 6 14 -oo 6 12 ooo 6 17 ooo 7 19 ooo 7 8 ooo 8 22 ooo 8 11 ooo 8 9 ooo 9 21 oo- 9 14 ooo 10 13 oo+ 10 22 oo+ 10 20 ooo 11 15 o-o 12 23 oo- 12 13 ooo 12 15 ooo 13 19 ooo 15 21 oo- 15 16 ooo 16 19 ooo 16 17 ooo 17 23 ooo 19 20 ooo 20 23 ooo 20 21 ooo ,58.09482484,trigonal
+ w a ECC n OOO e OOD o C C C C C C C C C C C C C C C C C C C C C C C C C C C C 0 7 ooo 0 14 o+o 0 16 +oo 0 17 +oo 1 6 ooo 1 13 o+- 1 24 oo- 1 14 o+o 2 16 oo+ 2 12 o+o 2 11 ooo 2 13 o+o 3 15 -o+ 3 24 -oo 3 10 ooo 3 16 oo+ 4 14 oo+ 4 9 ooo 4 12 +oo 4 15 oo+ 5 24 o-o 5 8 ooo 5 17 +-o 5 12 +oo 6 23 ooo 6 20 ooo 6 22 ooo 7 20 ooo 7 19 o+o 7 25 ooo 8 19 ooo 8 18 ooo 8 22 ooo 9 22 ooo 9 25 ooo 9 21 +oo 10 21 ooo 10 18 ooo 10 20 ooo 11 18 ooo 11 23 oo+ 11 25 ooo 12 19 ooo 13 26 oo+ 13 18 ooo 14 23 ooo 15 22 ooo 15 26 +oo 16 21 ooo 17 20 ooo 17 26 o+o 19 27 ooo 21 27 ooo 23 27 ooo 24 25 ooo 26 27 ooo ,45.86545031,trigonal
+ v a DDD b OOO g OOO c OOO o C C C C C C C C C C C C C C C C C C C C C C C C 0 19 ooo 0 1 o+o 0 16 ooo 0 5 ooo 1 17 ooo 1 4 ooo 1 18 oo+ 2 18 ooo 2 16 ooo 2 6 ooo 2 3 +oo 3 17 ooo 3 7 ooo 3 19 oo+ 4 23 ooo 4 5 o-o 4 20 oo+ 5 21 ooo 5 22 ooo 6 20 ooo 6 22 ooo 6 7 +oo 7 23 ooo 7 21 oo+ 8 10 oo- 8 11 ooo 8 19 +oo 8 20 ooo 9 21 ooo 9 18 o+o 9 10 oo- 9 11 ooo 10 16 ooo 10 23 ooo 11 22 ooo 11 17 ++o 12 14 ooo 12 15 ooo 12 16 ooo 12 23 ooo 13 22 --o 13 14 oo+ 13 17 ooo 13 15 oo+ 14 19 ooo 14 20 -oo 15 21 o-o 15 18 ooo ,48.07841885,tetragonal
o s a ODD a DOD b ODD c DDO d OOO e FBF h FFF + XXX C C C C C C C C C C C C C C C C C C C C C C C C C C C C C C C C C C C C C C C C C C C C C C C C C C C C C C C C C C C C C C C C C C C C 0 56 oo+ 0 33 ooo 0 30 o-+ 0 23 ooo 1 57 ooo 1 28 -oo 1 20 ooo 1 34 ooo 2 21 ooo 2 32 ooo 2 29 +oo 2 58 +oo 3 22 ooo 3 35 ooo 3 31 o+- 3 59 o+o 4 25 ooo 4 56 +oo 4 34 +o- 4 18 ooo 5 32 o-o 5 17 ooo 5 26 ooo 5 59 ooo 6 57 o+o 6 24 ooo 6 16 ooo 6 33 o+o 7 35 -o+ 7 19 ooo 7 27 ooo 7 58 oo+ 8 29 ooo 8 26 -+o 8 56 o+o 8 13 ooo 9 14 ooo 9 58 ooo 9 24 oo- 9 30 ooo 10 59 oo+ 10 15 ooo 10 28 ooo 10 25 oo+ 11 31 ooo 11 27 +-o 11 12 ooo 11 57 +oo 12 45 ooo 12 42 ooo 12 60 +oo 13 46 ooo 13 40 ooo 13 61 o+o 14 62 ooo 14 41 ooo 14 44 ooo 15 43 ooo 15 63 oo+ 15 47 ooo 16 46 ooo 16 60 o+o 16 37 ooo 17 63 ooo 17 38 ooo 17 44 ooo 18 45 ooo 18 36 ooo 18 61 +oo 19 39 ooo 19 62 oo+ 19 47 ooo 20 60 ooo 20 38 ooo 20 41 ooo 21 42 ooo 21 36 ooo 21 62 +oo 22 40 ooo 22 37 ooo 22 63 o+o 23 61 oo+ 23 39 ooo 23 43 ooo 24 47 ooo 24 48 ooo 25 44 ooo 25 49 oo- 26 50 o-o 26 45 ooo 27 51 -oo 27 46 ooo 28 42 ooo 28 48 ooo 29 51 -oo 29 41 ooo 30 40 ooo 30 49 oo- 31 50 o-o 31 43 ooo 32 37 ooo 32 48 ooo 33 50 o-o 33 38 ooo 34 39 ooo 34 51 -oo 35 49 oo- 35 36 ooo 36 52 ooo 37 53 ooo 38 54 ooo 39 55 ooo 40 52 ooo 41 55 ooo 42 53 ooo 43 54 ooo 44 52 ooo 45 54 ooo 46 55 ooo 47 53 ooo 48 64 ooo 49 64 ooo 50 64 ooo 51 64 ooo 52 65 ooo 53 65 ooo 54 65 ooo 55 65 ooo 56 66 ooo 57 66 oo+ 58 66 o+o 59 66 +oo 60 67 ooo 61 67 ooo 62 67 ooo 63 67 ooo ,48.05189483,cubic
o w n OOO b OOD k OOO o C C C C C C C C C C C C C C C C C C C C C C C C C C C C C C C C C C C C C C C C C C C C C C C C C C C C C C C C C C C C C C C C C C C C C C C C 0 36 ooo 0 48 o+o 0 2 ooo 0 11 o+o 1 43 ooo 1 49 o-o 1 45 ooo 1 32 ooo 2 38 ooo 2 25 o+- 2 44 ooo 3 39 ooo 3 51 ooo 3 43 +oo 3 64 +oo 4 40 ooo 4 59 ooo 4 63 ooo 4 46 ooo 5 41 ooo 5 12 ooo 5 58 ooo 5 47 ooo 6 42 --o 6 8 ooo 6 17 -oo 6 48 ooo 7 39 o+o 7 20 o+o 7 37 ooo 7 43 ++o 8 31 -o- 8 38 ooo 8 50 ooo 9 45 ooo 9 58 ooo 9 37 ooo 9 51 ooo 10 40 ooo 10 71 o-o 10 57 o-o 10 52 ooo 11 70 o-o 11 41 ooo 11 53 ooo 12 14 ooo 12 42 ooo 12 36 +oo 13 51 -oo 13 26 -oo 13 37 -oo 13 49 ooo 14 50 ooo 14 44 ooo 14 19 oo- 15 70 o-o 15 49 o-o 15 45 ooo 15 39 ooo 16 52 ooo 16 46 ooo 16 65 +oo 16 69 +oo 17 53 ooo 17 47 ooo 17 64 +oo 18 29 o-o 18 20 ooo 18 66 o-o 18 54 ooo 19 63 ooo 19 67 o+o 19 61 ooo 20 62 ooo 20 56 ooo 21 46 -oo 21 61 -oo 21 69 ooo 21 57 ooo 22 64 ooo 22 41 ooo 22 45 ooo 22 58 ooo 23 30 ooo 23 65 ooo 23 40 ooo 23 59 ooo 24 66 ooo 24 26 ooo 24 35 +oo 24 60 ++o 25 61 --o 25 55 ooo 25 57 o-o 26 68 ooo 26 56 ooo 27 69 ooo 27 40 ooo 27 55 ooo 27 63 ooo 28 53 o+o 28 39 o+o 28 70 ooo 28 58 ooo 29 71 ooo 29 59 ooo 29 52 o+o 30 54 -oo 30 60 ooo 30 32 ooo 31 67 ooo 31 69 +oo 31 55 +oo 32 62 ooo 32 68 ooo 33 57 ooo 33 63 ooo 33 52 o+o 33 67 o+o 34 47 -oo 34 51 -oo 34 64 ooo 34 70 ooo 35 46 -oo 35 65 ooo 35 71 ooo 36 38 ooo 36 47 -oo 37 68 ooo 38 61 -o- 41 48 ooo 42 44 ooo 42 53 o+o 43 56 -oo 44 67 o+- 48 50 ooo 49 62 o+o 50 55 oo- 54 56 ooo 54 65 +oo 59 66 ooo 60 71 o-o 60 62 ooo 66 68 ooo ,50.27070406,hexagonal
o u a DDD b DOD c ODD d OOO l BBB o C C C C C C C C C C C C C C C C C C C C C C C C C C C C C C C C C C C C C C C C C C C C C C C C C C C C 0 34 ooo 0 18 oo+ 0 17 o++ 0 25 o++ 1 24 ooo 1 16 ooo 1 19 ooo 1 34 ooo 2 27 ooo 2 35 -oo 2 16 ooo 2 19 ooo 3 18 ooo 3 17 o+o 3 35 ooo 3 26 ++o 4 14 +oo 4 27 +o+ 4 36 ooo 4 13 +o+ 5 24 ooo 5 12 ooo 5 15 ooo 5 36 ooo 6 37 o-o 6 12 ooo 6 26 ooo 6 15 ooo 7 14 ooo 7 37 ooo 7 13 oo+ 7 25 o++ 8 26 ++o 8 32 ooo 8 22 o+o 8 21 ++o 9 20 ooo 9 23 ooo 9 24 ooo 9 32 ooo 10 33 oo- 10 25 ooo 10 20 ooo 10 23 ooo 11 22 ooo 11 21 +oo 11 33 ooo 11 27 +o+ 12 40 ooo 12 29 o-o 13 28 -o- 13 40 o+o 14 31 ooo 14 41 ooo 15 41 ooo 15 30 oo+ 16 42 ooo 16 31 ooo 17 28 o-- 17 42 +oo 18 30 ooo 18 43 ooo 19 43 ooo 19 29 ooo 20 30 ooo 20 38 ooo 21 28 --o 21 38 oo+ 22 39 ooo 22 29 o-o 23 39 ooo 23 31 +oo 24 51 ooo 25 50 o-o 26 48 ooo 27 49 ooo 28 47 ooo 29 46 ooo 30 44 ooo 31 45 ooo 32 45 +oo 32 47 ooo 33 46 o-o 33 44 oo+ 34 47 ooo 34 46 ooo 35 44 ooo 35 45 +oo 36 47 ooo 36 44 oo+ 37 45 ooo 37 46 ooo 38 49 ooo 38 51 ooo 39 50 o-o 39 48 +oo 40 50 o-o 40 51 ooo 41 48 ooo 41 49 oo+ 42 51 ooo 42 48 ooo 43 49 ooo 43 50 ooo ,65.96578828,cubic
+ v b OOO c OOO d OOO e OOO o C 0 0 +oo 0 0 o+o 0 0 oo+ ,98.7527280705032,cubic
+ w b OOO g DDD c DDD o C C C C C C C C C C C C C C C C C C C C C C C C C C C C C C C C C C C C C C C C C C C C C C C C 0 23 -oo 0 45 ooo 0 1 ooo 0 35 ooo 1 20 ooo 1 29 ooo 2 34 ooo 2 3 ooo 2 44 ooo 2 21 +oo 3 31 ooo 3 22 ooo 4 46 oo+ 4 32 ooo 4 17 ooo 4 5 ooo 5 25 ooo 5 18 +oo 6 7 ooo 6 19 ooo 6 33 ooo 6 47 oo+ 7 16 -oo 7 27 ooo 8 9 ooo 8 39 ooo 8 31 ooo 8 41 ooo 9 28 o-o 9 21 ooo 10 40 ooo 10 29 ooo 10 38 ooo 10 11 ooo 11 23 ooo 11 30 o+o 12 25 o-o 12 13 ooo 12 42 ooo 12 36 ooo 13 26 ooo 13 17 ooo 14 37 ooo 14 43 ooo 14 15 ooo 14 27 o+o 15 19 ooo 15 24 ooo 16 36 ooo 16 17 ooo 16 44 ooo 18 45 ooo 18 19 ooo 18 37 ooo 20 21 ooo 20 39 ooo 20 47 ooo 22 46 ooo 22 38 ooo 22 23 ooo 24 40 oo+ 24 32 ooo 24 25 ooo 26 27 ooo 26 33 ooo 26 41 oo+ 28 35 ooo 28 43 ooo 28 29 ooo 30 31 ooo 30 42 ooo 30 34 ooo 32 33 ooo 32 38 ooo 33 39 ooo 34 35 +-o 34 36 oo- 35 37 oo- 36 37 +-o 38 39 ooo 40 46 ooo 41 47 ooo 42 44 ooo 43 45 ooo ,45.15131658,tetragonal
o v b OOO g OOO c OOO h DDD + YYY C C C C C C C C C C C C C C C C C C C C C C C C C C C C C C C C C C C C C C C C 0 3 ooo 0 8 -oo 0 34 ooo 0 14 ooo 1 5 o-o 1 2 ooo 1 7 +oo 1 37 +oo 2 12 ooo 2 35 ooo 2 10 +oo 3 36 ooo 3 5 -oo 3 7 o+o 4 7 ooo 4 10 ooo 4 14 o-o 4 33 ooo 5 6 ooo 5 39 o+o 6 32 ooo 6 8 ooo 6 12 o+o 7 38 ooo 8 35 ooo 8 11 ooo 9 15 -oo 9 37 oo+ 9 13 o-o 9 10 ooo 10 34 ooo 11 15 o+o 11 36 +o+ 11 13 +oo 12 33 ooo 12 15 ooo 13 14 ooo 13 38 o++ 14 32 ooo 15 39 oo+ 16 30 oo- 16 38 o+o 16 19 ooo 16 24 oo- 17 33 ooo 17 23 ooo 17 18 ooo 17 21 ooo 18 26 oo- 18 39 ooo 18 28 oo- 19 23 ooo 19 21 ooo 19 32 ooo 20 37 ooo 20 26 oo- 20 30 oo- 20 23 ooo 21 35 ooo 21 22 ooo 22 24 oo- 22 28 oo- 22 36 +oo 23 34 ooo 24 27 ooo 24 39 o++ 25 26 ooo 25 29 ooo 25 33 ooo 25 31 ooo 26 38 oo+ 27 29 ooo 27 32 ooo 27 31 ooo 28 31 ooo 28 37 +o+ 29 34 ooo 29 30 ooo 30 36 oo+ 31 35 ooo ,60.11908307,tetragonal
+ w b OOO g OOO c OOD o C C C C C C C C C C C C C C C C C C C C C C C C C C C C C C C C C C C C C C C C 0 7 ooo 0 39 o+o 0 29 ooo 0 4 ooo 1 5 ooo 1 31 ooo 1 38 ooo 1 6 ooo 2 36 ooo 2 5 ooo 2 7 ooo 2 25 ooo 3 27 ooo 3 4 ooo 3 6 ooo 3 37 +oo 4 21 ooo 4 38 o+o 5 39 ooo 5 23 ooo 6 17 ooo 6 36 +oo 7 37 ooo 7 19 ooo 8 31 ooo 8 12 ooo 8 35 ooo 8 15 ooo 9 14 ooo 9 34 o+o 9 29 ooo 9 13 ooo 10 27 ooo 10 13 ooo 10 15 ooo 10 32 +oo 11 33 ooo 11 12 ooo 11 25 ooo 11 14 ooo 12 34 ooo 12 23 oo+ 13 21 oo+ 13 35 o+o 14 32 ooo 14 19 oo+ 15 17 oo+ 15 33 +oo 16 35 oo- 16 38 ooo 16 20 o-o 16 22 +oo 17 23 ooo 17 21 ooo 18 20 -oo 18 22 o+o 18 34 o+- 18 39 o+o 19 23 ooo 19 21 ooo 20 32 +o- 20 37 +oo 22 33 oo- 22 36 ooo 24 28 o-o 24 30 -oo 24 39 ooo 24 34 ooo 25 31 ooo 25 29 ooo 26 38 o+o 26 35 o+o 26 28 +oo 26 30 o+o 27 31 ooo 27 29 ooo 28 37 ooo 28 32 ooo 30 36 +oo 30 33 +oo ,51.16146452,tetragonal
o w b OOD g OOF c OOO o C C C C C C C C C C C C C C C C C C C C 0 17 ooo 0 8 ooo 0 4 +oo 0 4 +o+ 1 5 -o- 1 5 -oo 1 9 ooo 1 16 ooo 2 10 ooo 2 19 ooo 2 7 o+- 2 7 o+o 3 18 ooo 3 6 o-- 3 6 o-o 3 11 oo- 4 16 ooo 4 10 ooo 5 11 ooo 5 17 ooo 6 19 ooo 6 8 ooo 7 9 oo+ 7 18 oo+ 8 10 +oo 8 11 o+o 9 11 -o- 9 10 o-o 12 15 ooo 12 18 ooo 12 18 oo+ 12 14 ooo 13 15 oo- 13 14 ooo 13 19 oo- 13 19 ooo 14 17 oo- 14 17 ooo 15 16 ooo 15 16 oo+ ,51.37385797,tetragonal
+ w a ECC n OOO e OOD o C C C C C C C C C C C C C C C C 0 4 o-o 0 6 o-o 0 14 ooo 0 3 ooo 1 3 oo- 1 7 oo- 1 14 ooo 1 5 ooo 2 5 -oo 2 8 -oo 2 14 ooo 2 4 ooo 3 15 oo+ 3 9 o-+ 4 15 o+o 4 10 -+o 5 15 +oo 5 11 +o- 6 9 ooo 6 12 ooo 6 10 o+o 7 11 ooo 7 12 ooo 7 9 oo+ 8 10 ooo 8 12 ooo 8 11 +oo 9 13 oo- 10 13 o-o 11 13 -oo 12 14 ooo 13 15 +++ ,76.24690632,trigonal
o v a DDD b DDD g ODB c DOF o C C C C C C C C C C C C C C C C C C C C C C C C C C C C C C C C C C C C C C C C 0 39 ooo 0 15 ooo 0 9 ooo 0 33 o++ 1 12 o-o 1 10 o-o 1 33 ooo 1 29 ooo 2 13 ooo 2 30 --o 2 18 ooo 2 3 o-o 3 7 ooo 3 39 ooo 3 8 o+o 4 32 oo- 4 11 ooo 4 38 +oo 4 13 ++o 5 25 ooo 5 14 ooo 5 8 ooo 5 32 ooo 6 26 ooo 6 7 ooo 6 22 ooo 6 9 ooo 7 38 ooo 7 12 ooo 8 36 oo+ 8 35 ooo 9 35 o+o 9 21 ooo 10 22 ooo 10 11 ooo 10 30 ooo 11 15 oo- 11 36 ooo 12 34 o+o 12 37 ooo 13 17 ooo 13 34 ooo 14 18 ooo 14 26 ooo 14 15 ooo 15 37 oo+ 16 25 ooo 16 36 ooo 16 33 ooo 16 31 +oo 17 33 -oo 17 28 ooo 17 26 ooo 18 29 -oo 18 19 ooo 19 23 oo+ 19 24 ooo 19 36 oo+ 20 32 -oo 20 29 -oo 20 27 ooo 20 37 oo+ 21 30 ooo 21 32 ooo 21 24 ++o 22 23 ooo 22 25 ooo 23 28 ooo 23 37 ooo 24 39 o-o 24 34 oo+ 25 34 ooo 26 27 ooo 27 31 ooo 27 39 ooo 28 35 -o- 28 38 ooo 29 35 ooo 30 31 +oo 31 38 ooo ,87.07032858,tetragonal
+ w b OOO g OOO c DDO o C C C C C C C C C C C C C C C C C C C C C C C C C C C C C C C C C C C C C C C C 0 28 ooo 0 1 ooo 0 18 oo- 0 5 +oo 1 29 ooo 1 6 o+o 1 37 ooo 2 7 -oo 2 3 ooo 2 16 oo- 2 30 ooo 3 36 ooo 3 4 o-o 3 31 ooo 4 5 ooo 4 24 ooo 4 22 oo- 5 38 ooo 5 25 ooo 6 26 ooo 6 20 oo- 6 7 ooo 7 27 ooo 7 39 ooo 8 13 ooo 8 20 ooo 8 9 ooo 8 26 oo+ 9 33 ooo 9 21 ooo 9 14 ooo 10 11 ooo 10 22 ooo 10 15 ooo 10 24 oo+ 11 12 ooo 11 23 ooo 11 32 ooo 12 16 ooo 12 13 ooo 12 30 oo+ 13 17 ooo 13 34 ooo 14 15 ooo 14 28 oo+ 14 18 ooo 15 35 ooo 15 19 ooo 16 21 -oo 16 17 ooo 17 36 ooo 17 22 o-o 18 19 ooo 18 23 +oo 19 20 o+o 19 37 ooo 20 21 ooo 21 39 ooo 22 23 ooo 23 38 ooo 24 25 ooo 24 29 ooo 25 30 ooo 25 32 ooo 26 31 ooo 26 27 ooo 27 33 ooo 27 28 ooo 28 29 ooo 29 35 ooo 30 31 ooo 31 34 ooo 32 34 ooo 32 35 ooo 33 34 ooo 33 35 ooo 36 38 o-o 36 39 -oo 37 38 +oo 37 39 o+o ,47.81463967,tetragonal
+ w b DOD c ODD d OOO o C C C C C C C C C C C C C C C C C C C C C C C C C C C C C C C C C C C C C C C C C C C C C C C C 0 42 o-o 0 39 -oo 0 36 ooo 0 23 ooo 1 23 ooo 1 10 ooo 1 11 ooo 1 44 oo+ 2 32 oo- 2 17 ooo 2 35 ooo 2 44 o+o 3 15 ooo 3 42 ooo 3 14 ooo 3 17 ooo 4 21 ooo 4 34 oo+ 4 40 ooo 4 33 +oo 5 46 ooo 5 13 ooo 5 21 ooo 5 12 ooo 6 37 ooo 6 46 ooo 6 19 ooo 6 38 ooo 7 8 ooo 7 19 ooo 7 40 oo- 7 9 ooo 8 26 oo- 8 44 ooo 8 47 o-o 9 19 ooo 9 18 ooo 9 28 +oo 10 40 -oo 10 28 oo+ 10 43 ooo 11 23 ooo 11 26 ooo 11 22 ooo 12 41 o+o 12 42 +oo 12 24 ooo 13 30 ooo 13 20 ooo 13 21 ooo 14 45 ooo 14 30 ooo 14 46 ooo 15 16 ooo 15 24 -oo 15 17 ooo 16 34 -oo 16 28 ooo 16 31 oo- 17 36 o+o 18 24 o-o 18 27 ooo 18 36 +oo 19 34 ooo 20 32 ooo 20 25 oo+ 20 26 o+o 21 38 ooo 22 29 ooo 22 30 ooo 22 38 ooo 23 32 o-o 24 47 ooo 25 35 ooo 25 34 ooo 25 47 ooo 26 41 ooo 27 41 ooo 27 38 ooo 27 39 ooo 28 45 ooo 29 36 ooo 29 45 ooo 29 37 ooo 30 43 ooo 31 33 ooo 31 43 ooo 31 32 ooo 33 42 ooo 33 43 ooo 35 46 ooo 35 47 ooo 37 45 ooo 37 44 ooo 39 41 ooo 39 40 ooo ,55.04112949,cubic
o x n OOE e OOO o C C C C C C C C C C C C C C C C C C 0 5 ooo 0 4 ooo 0 10 ooo 0 17 ooo 1 6 -oo 1 16 -oo 1 14 o+o 1 9 ooo 2 6 -oo 2 11 -+- 2 15 oo- 2 13 o+o 3 14 ooo 3 7 o-o 3 8 o-o 3 16 ooo 4 11 -oo 4 15 ooo 4 13 oo+ 5 17 --o 5 10 -oo 5 12 ooo 6 13 ooo 6 11 oo- 7 12 ooo 7 17 ooo 7 10 o+o 8 9 ooo 8 16 ooo 8 14 ++o 9 13 ooo 9 14 ooo 10 15 o-o 11 15 o-o 12 16 -oo 12 17 -oo ,60.85346855,trigonal
o w b OOD g DDF c DDF o C C C C C C C C C C C C C C C C 0 15 ooo 0 1 o-o 0 14 ooo 0 9 ooo 1 14 ooo 1 8 ooo 1 15 ++o 2 12 ooo 2 11 ooo 2 3 o+o 2 13 ooo 3 13 --o 3 10 ooo 3 12 ooo 4 10 oo- 4 15 ooo 4 11 o-- 4 5 ooo 5 11 oo- 5 10 +o- 5 14 ooo 6 7 ooo 6 9 o+o 6 8 ooo 6 13 ooo 7 12 ooo 7 8 -oo 7 9 ooo 8 9 ooo 10 11 ooo 12 13 -oo 14 15 +oo ,52.9042793,tetragonal
o x n OOE e OOO o C C C C C C C C C C C C C C C C C C 0 17 ooo 0 12 o-o 0 12 o-+ 0 15 +oo 1 2 ooo 1 5 ooo 1 5 oo+ 1 10 oo+ 2 7 ooo 2 7 oo+ 2 15 ooo 3 14 ooo 3 12 ooo 3 9 +oo 3 9 +o+ 4 8 ooo 4 8 oo+ 4 5 ooo 4 16 o+o 5 12 ooo 6 15 oo- 6 15 ooo 6 9 o-o 6 11 ooo 7 13 -oo 7 8 ooo 8 9 ooo 10 11 ooo 10 14 oo- 10 14 ooo 11 16 oo- 11 16 ooo 13 17 oo- 13 17 ooo 13 14 ooo 16 17 ooo ,90.39007037,trigonal
o w b OOD g DDF c DDF o C C C C C C C C C C C C C C C C C C C C C C C C C C C C C C C C C C C C C C C C C C C C C C C C 0 40 ooo 0 38 oo+ 0 13 ooo 0 19 ooo 1 18 ooo 1 12 ooo 1 41 ooo 1 39 ooo 2 42 o-o 2 36 ooo 2 16 ooo 2 14 ooo 3 15 ooo 3 17 ooo 3 43 o+- 3 37 ooo 4 9 ooo 4 23 ooo 4 34 ooo 4 44 +o+ 5 35 ooo 5 45 -oo 5 22 ooo 5 8 ooo 6 10 ooo 6 32 oo- 6 46 ooo 6 20 ooo 7 21 ooo 7 33 ooo 7 47 ooo 7 11 ooo 8 11 -oo 8 10 ooo 8 30 ooo 9 31 ooo 9 11 ooo 9 10 +o+ 10 28 -oo 11 29 +oo 12 26 o+o 12 15 ooo 12 14 o+o 13 15 o-+ 13 14 ooo 13 27 o-o 14 24 ooo 15 25 ooo 16 29 ooo 16 22 ooo 16 40 ooo 17 41 ooo 17 23 oo- 17 28 ooo 18 30 ooo 18 42 ooo 18 20 ooo 19 21 ooo 19 43 ooo 19 31 ooo 20 44 ooo 20 25 ooo 21 24 ooo 21 45 ooo 22 26 ooo 22 46 ooo 23 47 ooo 23 27 ooo 24 38 ooo 24 40 ooo 25 39 oo- 25 41 ooo 26 36 oo- 26 42 o-o 27 37 ooo 27 43 o+o 28 44 +oo 28 34 ooo 29 45 -oo 29 35 oo+ 30 46 ooo 30 32 ooo 31 47 ooo 31 33 oo+ 32 40 ooo 32 39 ooo 33 38 ooo 33 41 ooo 34 37 ooo 34 42 +oo 35 43 -o- 35 36 oo- 36 44 o-+ 37 45 o+o 38 46 ooo 39 47 ooo ,62.01540586,tetragonal
o v b OOO g OOO c OOO h DDO + YYO C C C C C C C C C C C C C C C C C C C C C C C C C C C C C C C C C C C C C C C C 0 8 oo- 0 1 ooo 0 30 ooo 0 14 oo- 1 33 ooo 1 7 ooo 1 5 ooo 2 12 oo- 2 28 ooo 2 3 ooo 2 10 oo- 3 7 ooo 3 5 ooo 3 32 ooo 4 5 ooo 4 10 oo- 4 14 oo- 4 26 ooo 5 35 ooo 6 24 ooo 6 8 oo- 6 12 oo- 6 7 ooo 7 34 ooo 8 22 ooo 8 9 ooo 9 13 ooo 9 33 ooo 9 15 ooo 10 11 ooo 10 20 ooo 11 13 ooo 11 32 ooo 11 15 ooo 12 18 ooo 12 13 ooo 13 34 ooo 14 15 ooo 14 16 ooo 15 35 ooo 16 30 oo+ 16 17 ooo 16 24 +o+ 17 21 o-o 17 23 +oo 17 37 +oo 18 19 ooo 18 26 -o+ 18 28 oo+ 19 36 ooo 19 21 -oo 19 23 o+o 20 26 oo+ 20 21 ooo 20 30 o++ 21 39 o+o 22 23 ooo 22 24 oo+ 22 28 o-+ 23 38 ooo 24 25 ooo 25 31 -oo 25 37 ooo 25 29 o-o 26 27 ooo 27 31 o+o 27 36 +oo 27 29 +oo 28 29 ooo 29 38 o+o 30 31 ooo 31 39 ooo 32 38 o+o 32 39 o+o 33 38 ooo 33 39 ooo 34 37 ooo 34 36 ooo 35 37 +oo 35 36 +oo ,43.23404632,tetragonal
+ w n OOO b OOO e OOD o C C C C C C C C C C C C C C C C C C C C C C C C C C C C C C C C C C C C C C C C C C C C C C C C C C C C C C C C C C C C C C C C C C C C C C C C 0 27 ooo 0 28 ooo 0 24 +oo 0 45 ooo 1 41 ooo 1 22 o-o 1 46 oo- 1 27 ooo 2 29 ooo 2 35 ooo 2 47 oo+ 2 43 ooo 3 34 ooo 3 21 ooo 3 33 ooo 3 48 ooo 4 44 ooo 4 33 ooo 4 49 oo- 4 19 +oo 5 32 ooo 5 37 ooo 5 35 ooo 5 50 oo+ 6 18 o-o 6 30 ooo 6 31 ooo 6 51 ooo 7 30 ooo 7 25 ooo 7 52 oo- 7 38 ooo 8 40 ooo 8 32 ooo 8 29 ooo 8 53 oo+ 9 33 -oo 9 19 ooo 9 18 ooo 9 36 ooo 10 18 ooo 10 50 ooo 10 37 oo- 10 31 o+o 11 52 ooo 11 26 ooo 11 20 ooo 11 38 oo+ 12 24 ooo 12 30 ooo 12 39 ooo 12 25 ooo 13 28 -oo 13 24 ooo 13 40 oo- 13 53 ooo 14 26 ooo 14 46 ooo 14 23 ooo 14 41 oo+ 15 22 ooo 15 21 ooo 15 27 o+o 15 42 ooo 16 47 ooo 16 34 ooo 16 43 oo- 16 21 ooo 17 20 ooo 17 23 ooo 17 44 oo+ 17 49 ooo 18 63 oo- 19 59 ooo 19 64 ooo 20 61 ooo 20 65 ooo 21 66 oo- 22 62 ooo 22 67 ooo 23 55 ooo 23 68 ooo 24 69 oo- 25 56 ooo 25 70 ooo 26 58 ooo 26 71 ooo 27 54 oo- 28 68 ooo 28 55 ooo 29 70 ooo 29 56 ooo 30 57 oo- 31 71 ooo 31 58 ooo 32 64 ooo 32 59 ooo 33 60 oo- 34 65 ooo 34 61 ooo 35 67 ooo 35 62 ooo 36 60 -oo 36 64 ooo 36 63 ooo 37 63 ooo 37 58 o+o 38 71 ooo 38 65 ooo 39 69 ooo 39 57 ooo 39 70 ooo 40 55 -oo 40 69 ooo 41 71 ooo 41 68 ooo 42 67 ooo 42 66 ooo 42 54 o+o 43 61 ooo 43 66 ooo 44 65 ooo 44 68 ooo 45 54 ooo 45 55 ooo 45 69 +oo 46 67 o-o 46 54 ooo 47 56 ooo 47 62 ooo 48 61 ooo 48 66 ooo 48 60 ooo 49 60 ooo 49 64 +oo 50 59 ooo 50 62 ooo 51 63 o-o 51 57 ooo 51 58 ooo 52 57 ooo 52 70 ooo 53 59 ooo 53 56 ooo ,43.25945812,hexagonal
+ w b OOO g DDD c DDD o C C C C C C C C C C C C C C C C C C C C C C C C C C C C C C C C 0 17 ooo 0 24 ooo 0 11 +oo 0 10 ooo 1 11 ooo 1 10 -oo 1 25 ooo 1 16 ooo 2 26 oo+ 2 9 -oo 2 19 ooo 2 8 ooo 3 9 ooo 3 18 ooo 3 8 +oo 3 27 oo+ 4 15 ooo 4 14 o+o 4 21 ooo 4 28 ooo 5 29 ooo 5 20 ooo 5 15 o-o 5 14 ooo 6 23 ooo 6 12 o+o 6 30 ooo 6 13 ooo 7 12 ooo 7 31 ooo 7 13 o-o 7 22 ooo 8 25 ooo 8 23 ooo 9 22 ooo 9 24 ooo 10 21 ooo 10 27 ooo 11 26 ooo 11 20 ooo 12 29 oo+ 12 19 ooo 13 18 ooo 13 28 oo+ 14 31 ooo 14 17 ooo 15 16 ooo 15 30 ooo 16 17 ooo 16 23 oo- 17 22 oo- 18 21 ooo 18 19 ++o 19 20 ooo 20 21 --o 22 23 ooo 24 31 ooo 24 30 ooo 25 31 ooo 25 30 ooo 26 28 --o 26 29 ooo 27 28 ooo 27 29 ++o ,63.35470146,tetragonal
o w b OOD g DDB c DDB o C C C C C C C C C C C C C C C C C C C C C C C C C C C C 0 11 o-o 0 7 ooo 0 6 o-o 0 9 oo- 1 9 oo- 1 27 ooo 1 14 oo- 1 22 ooo 2 27 ooo 2 6 ooo 2 20 ooo 2 13 ooo 3 6 ooo 3 9 o+o 3 10 ooo 3 8 o+o 4 19 ooo 4 17 ooo 4 26 ooo 4 6 ooo 5 16 ooo 5 23 oo+ 5 9 ooo 5 26 ooo 7 24 -oo 7 16 ooo 7 23 ooo 8 22 ooo 8 24 ooo 8 14 ooo 10 20 ooo 10 13 oo+ 10 25 +oo 11 17 ooo 11 25 oo- 11 19 oo- 12 18 oo- 12 21 -oo 12 23 ooo 12 19 oo- 13 21 ooo 13 24 o+o 14 24 oo+ 14 18 +oo 15 22 ooo 15 20 ooo 15 18 +oo 15 21 ooo 16 25 o-o 16 18 ooo 17 21 -oo 17 25 ooo 19 27 oo+ 20 27 oo+ 22 26 ooo 23 26 ooo ,73.27840362,tetragonal
o x n OOE f OOC o C C C C C C C C C C C C C C C C C C 0 12 ooo 0 5 +oo 0 15 ooo 0 7 +oo 1 5 oo+ 1 13 ooo 1 16 oo+ 1 3 oo+ 2 11 ooo 2 17 o+o 2 7 ooo 2 6 o+o 3 9 oo- 3 8 oo- 3 12 ooo 4 13 ooo 4 6 o+o 4 10 ooo 4 8 ooo 5 14 --o 5 17 ooo 6 9 ooo 6 15 ooo 7 16 ooo 7 10 ooo 8 14 oo+ 8 11 +oo 9 16 o-+ 9 14 o-+ 10 12 ooo 10 14 ooo 11 15 -oo 11 16 oo+ 12 17 ooo 13 15 -oo 13 17 ooo ,67.51439977,trigonal
o w b OOO m OOO c DDD o C C C C C C C C C C C C C C C C C C C C C C C C C C C C C C C C 0 22 ooo 0 17 ooo 0 26 ooo 0 4 o+o 1 3 ooo 1 16 ooo 1 14 o-o 1 23 ooo 2 31 ooo 2 24 o+o 2 20 oo- 2 9 +oo 3 7 --o 3 21 -oo 3 30 ooo 4 30 ooo 4 18 ooo 4 21 ooo 5 19 ooo 5 10 o+o 5 20 ooo 5 7 ooo 6 13 -oo 6 16 oo- 6 28 o-o 6 27 ooo 7 26 ooo 7 17 +oo 8 18 ooo 8 29 ooo 8 26 ooo 8 12 +oo 9 11 ooo 9 27 ooo 9 28 ooo 10 24 oo+ 10 23 ooo 10 16 +oo 11 15 -+o 11 22 ooo 11 25 o+o 12 25 ooo 12 30 ooo 12 22 ooo 13 24 ooo 13 31 ooo 13 15 ooo 14 20 -oo 14 19 ooo 14 28 oo+ 15 29 o-o 15 18 ooo 16 20 -oo 17 30 ooo 17 19 ooo 18 25 ooo 19 23 ooo 21 23 ooo 21 26 ooo 22 29 ooo 24 28 o-o 25 27 ooo 27 31 ooo 29 31 ooo ,78.83010372,tetragonal
+ w n OOO b OOD e OOO o C C C C C C C C C C C C C C C C C C C C C C C C C C C C C C C C C C C C 0 19 ooo 0 34 ooo 0 6 ooo 0 18 ooo 1 20 ooo 1 18 ooo 1 33 o+o 1 8 o+o 2 7 -oo 2 35 -oo 2 19 ooo 2 20 ooo 3 21 ooo 3 31 ooo 3 9 oo+ 3 22 ooo 4 30 o-o 4 21 ooo 4 11 o-+ 4 23 ooo 5 23 ooo 5 22 ooo 5 32 +oo 5 10 +o+ 6 28 ooo 6 13 ooo 6 12 ooo 7 12 ooo 7 14 ooo 7 27 +oo 8 13 ooo 8 29 o-o 8 14 ooo 9 15 ooo 9 16 ooo 9 25 ooo 10 24 -oo 10 17 ooo 10 15 ooo 11 17 ooo 11 26 o+o 11 16 ooo 12 18 ooo 12 31 ooo 13 30 o-o 13 20 o-o 14 32 +oo 14 19 +oo 15 21 oo- 15 34 ooo 16 23 o+- 16 33 o+o 17 22 -o- 17 35 -oo 18 25 ooo 19 24 -oo 20 26 o+o 21 28 ooo 22 27 +oo 23 29 o-o 24 33 ooo 24 34 +oo 25 33 o+o 25 35 ooo 26 35 --o 26 34 ooo 27 31 -oo 27 30 ooo 28 32 ooo 28 30 o-o 29 31 ooo 29 32 ++o ,51.29621849,hexagonal
+ w n OOO b OOO e OOD o C C C C C C C C C C C C C C C C C C C C C C C C C C C C C C C C C C C C C C C C C C C C C C C C 0 10 ooo 0 11 ooo 0 35 +oo 0 15 oo+ 1 33 ooo 1 9 ooo 1 10 ooo 1 16 oo+ 2 9 ooo 2 34 ooo 2 11 ooo 2 17 oo+ 3 32 ooo 3 8 ooo 3 7 ooo 3 12 oo+ 4 7 ooo 4 6 ooo 4 30 ooo 4 13 oo+ 5 8 ooo 5 31 o+o 5 6 ooo 5 14 oo+ 6 21 ooo 6 34 o+o 7 33 ooo 7 22 ooo 8 35 ooo 8 23 ooo 9 31 ooo 9 18 ooo 10 30 ooo 10 19 ooo 11 32 +oo 11 20 ooo 12 29 ooo 12 23 ooo 12 22 ooo 13 22 ooo 13 21 ooo 13 27 ooo 14 23 ooo 14 28 o+o 14 21 ooo 15 19 ooo 15 20 ooo 15 26 +oo 16 24 ooo 16 18 ooo 16 19 ooo 17 18 ooo 17 25 ooo 17 20 ooo 18 28 ooo 19 27 ooo 20 29 +oo 21 25 o+o 22 24 ooo 23 26 ooo 24 40 ooo 24 46 ooo 25 41 o-o 25 45 ooo 26 39 ooo 26 47 -oo 27 37 ooo 27 43 ooo 28 42 o-o 28 38 ooo 29 36 -oo 29 44 ooo 30 43 ooo 30 37 oo+ 31 42 o-o 31 38 oo+ 32 44 ooo 32 36 -o+ 33 46 ooo 33 40 oo+ 34 41 o-+ 34 45 ooo 35 47 -oo 35 39 oo+ 36 41 o-o 36 40 +oo 37 41 ooo 37 39 +oo 38 39 o-o 38 40 ooo 42 47 -oo 42 46 o+o 43 45 o+o 43 47 ooo 44 45 -oo 44 46 ooo ,87.46232367,hexagonal
o w b OOD g DDB c DDB o C C C C C C C C C C C C C C C C 0 10 -oo 0 12 ooo 0 8 ooo 0 7 ooo 1 9 ooo 1 6 ooo 1 13 ooo 1 11 +oo 2 10 ooo 2 5 oo+ 2 9 oo+ 2 15 +oo 3 14 -oo 3 8 ooo 3 11 ooo 3 4 ooo 4 8 o-o 4 12 ooo 4 14 ooo 5 15 oo- 5 13 ooo 5 9 o+o 6 13 o-o 6 11 ooo 6 14 ooo 7 15 ooo 7 10 ooo 7 12 o+o 8 14 -+o 9 15 +-- 10 12 ooo 11 13 ooo ,52.42316363,tetragonal
o w n OOC b OOD e OOC o C C C C C C C C C C C C C C C C C C C C C C C C C C C C C C C C C C C C C C C C C C C C C C C C C C C C C C C C C C C C C C C C C C 0 40 -oo 0 65 ooo 0 14 ooo 0 57 ooo 1 26 -oo 1 65 ooo 1 21 ooo 1 23 ooo 2 58 ooo 2 55 ooo 2 57 ooo 2 9 ooo 3 43 -oo 3 39 -oo 3 26 -oo 3 57 ooo 4 49 ooo 4 12 ooo 4 38 ooo 4 5 ooo 5 52 ooo 5 35 ooo 5 63 ooo 6 63 ooo 6 28 o+o 6 16 ooo 6 26 o+o 7 14 oo+ 7 53 ooo 7 50 oo+ 7 52 ooo 8 52 oo- 8 34 oo- 8 38 ooo 8 16 oo- 9 33 o+o 9 10 ooo 9 59 ooo 10 64 ooo 10 47 oo+ 10 30 o++ 11 16 -o- 11 18 -oo 11 64 oo- 11 21 o+o 12 47 ooo 12 48 ooo 12 45 ooo 13 21 o+o 13 47 ooo 13 44 o+o 13 33 o+o 14 43 -o- 14 54 ooo 15 29 ooo 15 42 oo+ 15 62 ooo 15 55 +oo 16 62 ooo 17 24 ooo 17 42 ooo 17 43 oo- 17 40 ooo 18 42 ooo 18 54 +oo 18 58 +oo 19 53 ooo 19 20 oo+ 19 27 ooo 19 34 ooo 20 60 ooo 20 50 ooo 20 37 ooo 21 60 ooo 22 37 ooo 22 38 ooo 22 35 ooo 22 29 ooo 23 49 ooo 23 53 ooo 23 37 ooo 24 44 ooo 24 48 o-o 24 25 ooo 25 32 ooo 25 45 o-o 25 61 ooo 26 61 ooo 27 33 ooo 27 30 oo+ 27 32 ooo 28 59 o-o 28 32 ooo 28 48 o-+ 29 39 ooo 29 58 +oo 30 60 ooo 30 44 ooo 31 51 oo+ 31 56 o-o 31 60 oo+ 31 53 ooo 32 39 ooo 33 56 o-o 34 35 ooo 34 42 oo+ 35 62 ooo 36 62 ooo 36 46 ooo 36 58 +oo 36 56 +oo 37 44 ooo 38 46 ooo 39 40 ooo 40 61 ooo 41 48 o-o 41 61 ooo 41 46 o-o 41 51 +oo 43 51 +o+ 45 59 ooo 45 63 ooo 46 63 ooo 47 54 ooo 49 57 ooo 49 50 ooo 50 65 ooo 51 65 ooo 52 59 ooo 54 55 oo- 55 64 ooo 56 64 ooo ,55.79194923,hexagonal
o x b OOD g OOF o C C C C C C C C C C C C C C C C C C C C C C C C C C C C C C C C C C C C C C C C 0 5 o-- 0 27 ooo 0 19 o-o 0 33 oo- 1 18 ooo 1 22 ooo 1 4 oo+ 1 26 ooo 2 31 oo- 2 32 ooo 2 18 ooo 2 22 oo- 3 19 ooo 3 33 o+o 3 20 ooo 3 23 +oo 4 18 ooo 4 35 oo- 4 26 ooo 5 24 ooo 5 6 o+o 5 19 ooo 6 34 ooo 6 31 ooo 6 27 ooo 7 30 ooo 7 36 ooo 7 9 ooo 7 28 ooo 8 14 ooo 8 11 oo+ 8 37 ooo 8 12 ooo 9 13 oo+ 9 10 o-o 9 15 oo+ 10 23 ooo 10 37 ooo 10 15 o+o 11 36 oo- 11 14 ooo 11 32 ooo 12 32 ooo 12 22 ooo 12 21 ooo 13 33 -o- 13 30 ooo 13 23 o-o 14 36 ooo 14 25 ooo 15 16 o-o 15 34 ooo 16 37 oo- 16 24 oo- 16 21 ooo 17 38 ooo 17 19 ooo 17 26 ooo 17 20 oo- 18 27 ooo 20 25 +oo 20 39 +o+ 21 38 ooo 21 24 ooo 22 38 oo+ 23 39 ooo 24 38 oo+ 25 26 -oo 25 39 ooo 27 29 ooo 28 34 ooo 28 31 ooo 28 32 ooo 29 33 ooo 29 30 +oo 29 35 ooo 30 35 -o- 31 34 oo+ 35 36 +oo 37 39 oo+ ,69.62993101,tetragonal
o w b OOD g DDF c DDF o C C C C C C C C C C C C C C C C C C C C 0 4 oo- 0 3 ooo 0 6 o-o 0 9 oo- 1 17 ooo 1 2 ooo 1 8 ooo 1 18 oo+ 2 11 ooo 2 4 o+o 2 6 ooo 3 19 ooo 3 10 ooo 3 16 ooo 4 7 o-+ 4 15 ooo 5 6 o-o 5 17 ooo 5 19 +oo 5 14 ooo 6 13 ooo 7 12 oo- 7 18 -oo 7 16 ooo 8 14 ooo 8 12 +oo 8 11 +oo 9 17 ooo 9 18 o-+ 9 10 +o+ 10 14 -oo 10 12 oo- 11 19 o+o 11 16 ooo 12 15 ooo 13 16 ooo 13 14 ooo 13 18 ooo 15 19 ooo 15 17 ooo ,73.67198483,tetragonal
o w b OOO m OOO j DDD o C C C C C C C C C C C C C C C C C C C C 0 12 ooo 0 1 ooo 0 19 ooo 1 16 ooo 1 3 +oo 2 3 ooo 2 18 ooo 2 14 ooo 3 17 ooo 4 8 ooo 4 16 ooo 4 5 ooo 5 18 ooo 5 7 o-o 6 17 ooo 6 7 ooo 6 10 ooo 7 19 ooo 8 9 oo- 8 17 o-o 9 18 ooo 9 11 o-o 10 11 oo- 10 16 o+o 11 19 ooo 12 18 +oo 12 13 oo+ 13 16 ooo 13 15 +oo 14 19 -oo 14 15 oo+ 15 17 ooo ,11.18421516,tetragonal
o w b OOO g OOD c OOO o C C C C C C C C C C C C C C C C 0 14 ooo 0 7 ooo 0 10 o+- 0 10 o+o 1 4 ooo 1 13 oo- 1 13 ooo 1 11 ooo 2 5 ooo 2 8 o-- 2 8 o-o 2 12 ooo 3 15 oo- 3 15 ooo 3 9 ooo 3 6 ooo 4 12 -oo 4 12 -o+ 4 10 ooo 5 13 oo- 5 9 oo- 5 9 ooo 6 8 ooo 6 14 +oo 6 14 +o+ 7 11 oo- 7 11 ooo 7 15 oo- 8 15 ooo 9 12 ooo 10 13 ooo 11 14 ooo ,53.65590465,tetragonal
o v a DDD b OOO m OOO c OOO o C C C C C C C C C C C C C C C C 0 10 ooo 0 10 ++o 0 14 ooo 0 5 +oo 1 6 ooo 1 15 -oo 1 15 o+o 1 9 -oo 2 7 ooo 2 12 ooo 2 8 ooo 2 8 ++o 3 13 -oo 3 13 o+o 3 11 -oo 3 4 o+o 4 12 --o 4 12 ooo 4 10 oo+ 5 15 o+o 5 11 -oo 5 11 o+o 6 8 oo- 6 14 --o 6 14 ooo 7 9 -oo 7 9 o+o 7 13 o+o 8 13 -oo 9 14 o-o 10 15 ooo 11 12 ooo ,46.69610474,tetragonal
o v b OOO g OOO c OOO h DDD + YYY C C C C C C C C C C C C C C C C C C C C C C C C C C C C C C C C C C C C C C C C 0 23 ooo 0 35 o++ 0 4 +oo 0 6 o+o 1 15 oo+ 1 34 o++ 1 20 ooo 1 9 oo+ 2 4 o-o 2 6 -oo 2 34 oo+ 2 21 ooo 3 22 ooo 3 11 oo+ 3 35 oo+ 3 13 oo+ 4 32 oo+ 4 17 ooo 5 33 oo+ 5 11 oo+ 5 18 ooo 5 15 oo+ 6 19 ooo 6 33 +o+ 7 16 ooo 7 9 oo+ 7 13 oo+ 7 32 +o+ 8 12 -oo 8 14 o+o 8 31 ooo 8 34 o+o 9 28 ooo 9 35 o+o 10 35 ooo 10 29 ooo 10 12 o-o 10 14 +oo 11 34 ooo 11 30 ooo 12 25 ooo 12 32 +oo 13 26 ooo 13 33 +oo 14 33 ooo 14 27 ooo 15 32 ooo 15 24 ooo 16 22 ooo 16 20 ooo 16 39 ooo 17 25 -oo 17 38 ooo 17 31 ooo 18 38 ooo 18 22 ooo 18 20 ooo 19 29 ooo 19 39 ooo 19 27 +oo 20 36 ooo 21 27 ooo 21 31 o-o 21 37 ooo 22 37 ooo 23 36 ooo 23 25 ooo 23 29 o+o 24 38 ooo 24 30 ooo 24 28 ooo 25 39 ooo 26 30 ooo 26 28 ooo 26 39 ooo 27 38 ooo 28 36 ooo 29 37 ooo 30 37 ooo 31 36 ooo ,60.18467912,tetragonal
o w n OOC b OOD e OOC o C C C C C C C C C C C C C C C C C C C C C C C C C C C C C C C C C C C C C C C C C C C C C C C C 0 16 -oo 0 32 -oo 0 27 ooo 0 20 o+o 1 11 oo- 1 43 ooo 1 29 o-- 1 46 ooo 2 45 ooo 2 46 ooo 2 47 oo- 2 42 ooo 3 41 ooo 3 46 ooo 3 24 ooo 3 5 ooo 4 12 -oo 4 35 ooo 4 20 ooo 4 28 ooo 5 39 ooo 5 42 ooo 5 25 +oo 6 43 ooo 6 38 ooo 6 41 ooo 6 42 ooo 7 9 ooo 7 42 ooo 7 37 ooo 7 32 ooo 8 31 ooo 8 16 oo+ 8 12 o+o 8 24 o++ 9 33 ooo 9 38 ooo 9 47 ooo 10 46 oo+ 10 38 ooo 10 39 ooo 10 37 ooo 11 28 ooo 11 45 oo+ 11 38 ooo 12 39 ooo 12 44 +oo 13 34 ooo 13 23 ooo 13 31 ooo 13 41 o+o 14 35 ooo 14 34 ooo 14 30 ooo 14 33 ooo 15 17 ooo 15 36 ooo 15 34 ooo 15 29 ooo 16 40 ooo 16 47 oo- 17 37 -oo 17 30 ooo 17 27 oo+ 18 30 ooo 18 29 ooo 18 26 oo+ 18 31 ooo 19 44 oo- 19 30 oo- 19 25 ooo 19 21 ooo 20 36 o-o 20 43 ooo 21 35 ooo 21 26 ooo 21 45 ooo 22 25 ooo 22 27 ooo 22 26 ooo 22 34 ooo 23 26 ooo 23 33 ooo 23 40 ooo 24 40 o-o 24 44 +o- 25 35 ooo 27 29 oo- 28 44 ooo 28 36 o-o 31 33 ooo 32 40 ooo 32 36 +oo 37 47 ooo 39 41 ooo 43 45 ooo ,49.38331387,hexagonal
o v b OOO g DDD c DDO h DDD + YBY C C C C C C C C C C C C C C C C C C C C C C C C C C C C C C C C C C C C C C C C C C C C C C C C 0 32 ooo 0 37 o+o 0 3 ooo 0 23 o+o 1 20 -oo 1 2 ooo 1 13 ooo 1 29 ooo 2 21 o-o 2 39 o-o 2 34 ooo 3 31 ooo 3 15 ooo 3 22 +oo 4 35 oo+ 4 17 ooo 4 36 ooo 4 7 oo+ 5 18 ooo 5 25 ooo 5 6 oo- 5 9 ooo 6 38 ooo 6 19 ooo 6 33 oo+ 7 11 ooo 7 27 ooo 7 16 ooo 8 11 ooo 8 31 ooo 8 40 ooo 8 45 ooo 9 10 ooo 9 21 ooo 9 28 ooo 10 47 ooo 10 42 ooo 10 29 ooo 11 30 ooo 11 23 ooo 12 44 ooo 12 15 oo- 12 43 +o- 12 25 +oo 13 14 oo+ 13 26 o-o 13 17 ooo 14 27 -oo 14 41 -o- 14 46 ooo 15 19 ooo 15 24 o+o 16 19 oo- 16 41 oo- 16 44 ooo 17 29 ooo 17 18 oo+ 18 46 ooo 18 43 oo- 19 31 ooo 20 23 ooo 20 40 ooo 20 47 +oo 21 25 ooo 21 22 ooo 22 45 -oo 22 42 ooo 23 27 ooo 24 33 o-+ 24 36 ooo 24 27 oo+ 25 26 oo- 26 38 ooo 26 35 o++ 28 39 ooo 28 31 ooo 28 32 ooo 29 30 ooo 30 34 ooo 30 37 ooo 32 33 ooo 32 44 ooo 33 35 o+o 34 46 ooo 34 35 ooo 36 37 ooo 36 40 ooo 37 39 o-o 38 42 ooo 38 39 ooo 40 41 ooo 41 43 +oo 42 43 ooo 44 45 ooo 45 47 +oo 46 47 ooo ,66.27276182,tetragonal
+ v a DDD b OOO g OOO c OOO o C C C C C C C C C C C C C C C C 0 2 -o- 0 3 o+o 0 13 -oo 0 13 o+o 1 12 o-o 1 12 +oo 1 2 o-- 1 3 +oo 2 15 ooo 2 15 ++o 3 14 --o 3 14 ooo 4 11 ooo 4 11 ++o 4 14 ooo 4 8 ooo 5 10 --o 5 10 ooo 5 9 ooo 5 15 ooo 6 11 ooo 6 13 oo+ 6 9 o-o 6 9 +oo 7 8 -oo 7 8 o+o 7 12 ooo 7 10 ooo 8 13 ooo 9 12 oo+ 10 14 ooo 11 15 ooo ,83.64280655,tetragonal
o z o C C C C C C C C C C C C C C C C C C C C C C C C C C C C C C C C C C 0 27 --- 0 13 --- 0 9 --- 0 7 o-o 0 26 --o 0 15 --o 0 14 --o 0 10 --o 0 29 -o- 0 21 -o- 0 20 -o- 0 3 -o- 0 23 -oo 0 22 -oo 0 28 o-- 0 25 o-- 0 24 o-- 0 11 o-- 0 5 o-- 0 2 o-- 0 19 o-o 0 18 o-o 0 4 o-o 0 8 o-- 0 16 oo- 0 6 oo- 0 17 oo- 0 12 -o- 1 18 o-o 1 4 o-o 1 24 o-o 1 5 o-o 1 23 -oo 1 13 -o- 1 12 -o- 1 7 ooo 1 6 ooo 1 32 -oo 1 20 -oo 1 14 -oo 1 9 o-- 1 8 o-- 1 33 o-o 1 15 o-o 1 11 o-o 1 10 o-o 1 31 oo- 1 25 oo- 1 21 oo- 1 17 oo- 1 3 oo- 1 2 oo- 1 30 ooo 1 22 ooo 1 19 ooo 1 16 ooo 2 25 ooo 2 19 oo+ 2 3 ooo 2 28 ooo 3 21 ooo 3 22 oo+ 3 29 ooo 4 26 -oo 4 23 -+o 4 18 ooo 4 5 ooo 5 27 -oo 5 20 -+o 5 24 ooo 6 20 -oo 6 29 -oo 6 16 ooo 6 7 ooo 7 14 -oo 7 26 -oo 7 19 ooo 8 28 ooo 8 18 oo+ 8 17 o+o 8 9 ooo 9 15 oo+ 9 27 ooo 9 21 o+o 10 15 ooo 10 11 ooo 10 26 ooo 10 22 o+o 11 24 ooo 11 28 ooo 11 16 o+o 12 29 ooo 12 23 oo+ 12 17 +oo 12 13 ooo 13 14 oo+ 13 27 ooo 13 25 +oo 14 32 ooo 14 15 ooo 15 33 ooo 16 30 ooo 16 17 ooo 17 31 ooo 18 19 ooo 18 33 ooo 19 30 ooo 20 21 ooo 20 32 ooo 21 31 ooo 22 30 ooo 22 23 ooo 23 32 ooo 24 25 ooo 24 33 ooo 25 31 ooo ,48.89451629,triclinic
+ w b OOO g OOD c OOO o C C C C C C C C C C C C C C C C C C C C C C C C C C C C C C C C 0 13 -oo 0 25 ooo 0 7 ooo 0 22 o+o 1 6 ooo 1 23 ooo 1 24 ooo 1 12 +oo 2 5 ooo 2 20 ooo 2 14 o-o 2 27 ooo 3 26 ooo 3 4 ooo 3 21 +oo 3 15 o+o 4 29 ooo 4 18 o+o 4 9 +oo 5 8 -oo 5 19 ooo 5 28 ooo 6 31 ooo 6 10 o-o 6 16 +oo 7 17 ooo 7 30 ooo 7 11 o+o 8 18 ooo 8 15 ooo 8 29 ooo 9 28 ooo 9 19 o+o 9 14 ooo 10 30 ooo 10 17 +oo 10 13 ooo 11 16 ooo 11 12 ooo 11 31 ooo 12 22 ooo 12 25 ooo 13 24 ooo 13 23 o+o 14 21 ooo 14 26 ooo 15 27 ooo 15 20 +oo 16 20 ooo 16 17 ooo 17 21 ooo 18 19 ooo 18 23 oo- 19 22 oo- 20 21 ooo 22 23 ooo 24 25 ooo 24 29 oo+ 25 28 oo+ 26 27 ooo 26 30 ooo 27 31 ooo 28 29 ooo 30 31 ooo ,74.65212346,tetragonal
+ v a DDD b OOO g OOO c OOO o C C C C C C C C C C C C 0 5 o-o 0 6 ooo 0 8 +oo 0 7 ooo 1 6 ooo 1 4 o-o 1 9 +oo 1 7 ooo 2 6 -oo 2 10 o+o 2 5 ooo 2 4 ooo 3 5 ooo 3 7 -oo 3 4 ooo 3 11 o+o 4 9 ooo 5 8 ooo 6 10 ooo 7 11 ooo 8 11 -o- 8 10 ooo 9 11 -+o 9 10 o++ ,45.50503368,tetragonal
o z o C C C C C C C C C C C C C C C C C C C C C C C C C C C C C C C C C C C C C C C C C C C C C C C C C C C C C C C C 0 24 ooo 0 36 ooo 0 6 ooo 0 43 ooo 1 42 -oo 1 39 ooo 1 33 -oo 1 50 oo+ 2 4 ooo 2 32 ooo 2 26 ooo 2 45 ooo 3 51 ooo 3 44 ooo 3 35 ooo 3 37 +oo 4 47 ooo 4 38 ooo 4 30 oo- 5 35 -oo 5 37 ooo 5 46 ooo 5 48 ooo 6 41 ooo 6 34 ooo 6 28 oo+ 7 33 -oo 7 49 o+o 7 40 ooo 7 39 ooo 8 26 ooo 8 33 ooo 8 44 ooo 8 14 ooo 9 32 ooo 9 31 ooo 9 25 o+o 9 49 ++o 10 12 ooo 10 39 ooo 10 46 ooo 10 30 ooo 11 50 ooo 11 29 ooo 11 38 ooo 11 27 o+o 12 42 -oo 12 37 ooo 12 24 ooo 13 29 o-o 13 48 ooo 13 27 ooo 13 36 ooo 14 28 ooo 14 35 ooo 14 40 +oo 15 34 ooo 15 31 o-o 15 51 oo+ 15 25 ooo 16 46 ooo 16 38 ooo 16 22 ooo 16 31 ooo 17 30 ooo 17 51 o++ 17 43 ooo 17 45 oo+ 18 20 ooo 18 36 ooo 18 25 ooo 18 42 ooo 19 49 ooo 19 47 oo+ 19 41 ooo 19 24 ooo 20 27 ooo 20 32 o-o 20 44 ooo 21 47 ooo 21 48 ooo 21 41 oo- 21 26 ooo 22 40 ooo 22 29 ooo 22 34 o+o 23 43 oo- 23 28 ooo 23 45 ooo 23 50 +oo 24 30 ooo 25 54 +o+ 26 28 ooo 27 55 ooo 29 52 o+o 31 53 ooo 32 38 ooo 33 53 ooo 34 36 ooo 35 54 +oo 37 52 ooo 39 55 o++ 40 46 ooo 41 55 oo+ 42 44 ooo 43 53 ooo 45 52 ++o 47 54 ooo ,16.88089469,triclinic
o z o C C C C C C C C C C C C C C C C 0 9 o-o 0 10 ooo 0 8 o-o 0 14 oo+ 1 15 -oo 1 7 o-o 1 5 oo+ 2 12 oo- 2 11 ooo 2 10 o+o 2 8 ooo 3 7 o-- 3 10 ooo 3 5 ooo 3 13 ooo 4 15 -oo 4 14 -oo 4 12 ooo 4 10 ooo 5 14 -oo 5 11 ooo 6 13 ooo 6 8 ooo 6 14 ooo 6 12 +oo 7 12 ooo 7 9 ooo 9 13 ooo 9 15 o++ 11 13 -o- 11 15 -+o ,46.47686656,triclinic
o w n OOE b OOO e OOE o C C C C C C C C C C C C C C C C C C C C C C C C C C C C C C C C C C C C C C C C C C C C C C C C 0 12 ooo 0 14 ooo 0 1 ooo 0 47 ooo 1 41 oo- 1 3 ooo 1 13 +oo 2 14 --o 2 12 ooo 2 30 o-- 2 15 o-o 3 15 o-o 3 14 o-o 3 44 ooo 4 18 o-o 4 16 o-o 4 5 ooo 4 43 ooo 5 17 ooo 5 37 ooo 5 7 ooo 6 16 o-o 6 18 +-o 6 26 +oo 6 19 +oo 7 19 +oo 7 18 +oo 7 40 ooo 8 9 ooo 8 39 ooo 8 20 +oo 8 22 +oo 9 21 o-o 9 11 ooo 9 45 ooo 10 23 ooo 10 34 ooo 10 20 +oo 10 22 ++o 11 22 ooo 11 36 ooo 11 23 ooo 12 13 ooo 12 35 ooo 13 15 ooo 13 29 oo- 14 42 o+- 15 32 ooo 16 17 ooo 16 31 ooo 17 19 ooo 17 25 ooo 18 38 -oo 19 28 ooo 20 21 ooo 20 27 ooo 21 33 ooo 21 23 ooo 22 46 ooo 23 24 ooo 24 36 ooo 24 25 ooo 24 38 ooo 25 27 ooo 25 37 o+o 26 39 -oo 26 38 --o 26 36 ooo 27 39 -oo 27 38 -oo 28 42 -oo 28 40 -oo 28 29 ooo 29 41 ooo 29 31 ooo 30 40 -oo 30 42 -+o 30 43 o+o 31 43 o+o 31 42 o+o 32 46 o+o 32 33 ooo 32 44 o+o 33 45 -oo 33 35 ooo 34 44 o+o 34 47 ooo 34 46 ++o 35 46 ooo 35 47 ooo 36 37 ooo 37 39 ooo 40 41 ooo 41 43 ooo 44 45 ooo 45 47 ooo ,62.36947226,hexagonal
o w n OOE b OOD e OOE o C C C C C C C C C C C C C C C C C C 0 10 ooo 0 7 o-o 0 13 ooo 0 9 ooo 1 14 oo- 1 11 ooo 1 9 oo- 1 6 +oo 2 12 ooo 2 8 ooo 2 10 oo+ 2 11 ooo 3 16 ooo 3 6 oo+ 3 7 ooo 3 10 o++ 4 9 -oo 4 6 ooo 4 17 ooo 4 8 ooo 5 8 oo- 5 7 ooo 5 11 ooo 5 15 oo- 6 16 ooo 7 15 ooo 8 17 oo+ 9 13 oo+ 10 12 ooo 11 14 ooo 12 17 ooo 12 16 o-o 13 15 o-- 13 17 +oo 14 15 ooo 14 16 +oo ,78.97614875,hexagonal
o w b OOD g OOB c OOO o C C C C 0 3 ooo 0 2 ooo 0 1 +o- 0 1 +oo 1 3 oo+ 1 2 ooo 2 3 o+o 2 3 o++ ,55.72048957,tetragonal
o w b OOO m OOO j OOO o C C C C C C C C C C C C C C C C C C C C 0 10 -oo 0 13 ooo 0 19 oo+ 0 8 ooo 1 11 -oo 1 12 ooo 1 13 ooo 1 9 ooo 2 18 oo+ 2 15 ooo 2 10 ooo 2 8 +oo 3 14 ooo 3 15 ooo 3 11 ooo 3 9 +oo 4 9 ooo 4 16 ooo 4 12 o+o 4 14 ooo 5 9 ooo 5 8 ooo 5 13 o+o 5 15 ooo 6 17 ooo 6 12 ooo 6 14 o-o 6 11 ooo 7 13 ooo 7 15 o-o 7 11 ooo 7 10 ooo 8 16 oo+ 10 17 oo+ 12 19 ooo 14 18 ooo 16 19 ooo 16 18 ooo 17 19 ooo 17 18 ooo ,44.70517269,tetragonal
+ v a DDD b DOD c ODD d OOO o C C C C C C C C C C C C C C C C C C C C C C C C C C C C C C C C C C C C 0 21 -o- 0 28 ooo 0 25 o+o 0 18 ooo 1 16 --o 1 25 ooo 1 29 ooo 1 22 ooo 2 24 ooo 2 17 ooo 2 20 ooo 2 28 oo+ 3 29 ooo 3 23 ooo 3 19 ooo 3 24 ooo 4 13 --o 4 22 ooo 4 24 ooo 4 27 oo+ 5 20 o-- 5 14 ooo 5 27 ooo 5 25 ooo 6 26 ooo 6 24 +oo 6 21 ooo 6 12 ooo 7 25 ooo 7 26 ooo 7 15 ooo 7 23 ooo 8 17 o-- 8 29 +oo 8 14 ooo 8 26 ooo 9 12 -o- 9 27 ooo 9 18 ooo 9 29 ooo 10 28 ooo 10 16 ooo 10 26 o+o 10 13 ooo 11 27 ooo 11 15 ooo 11 28 ooo 11 19 ooo 12 31 o-o 12 34 ooo 13 35 ooo 13 31 ooo 14 34 oo- 14 30 ooo 15 30 ooo 15 35 ooo 16 33 oo- 16 30 ooo 17 31 ooo 17 33 ooo 18 30 -oo 18 32 ooo 19 32 ooo 19 31 ooo 20 32 ooo 20 35 -oo 21 35 ooo 21 33 ooo 22 32 o-o 22 34 ooo 23 34 ooo 23 33 ooo ,68.08930214,cubic
o w n OOC b OOD e OOC o C C C C C C C C C C C C C C C C C C C C C C C C C C C C C C C C C C C C 0 9 ooo 0 34 ooo 0 22 oo+ 0 15 +oo 1 33 ooo 1 21 ooo 1 16 ooo 1 11 ooo 2 17 o-o 2 10 ooo 2 35 ooo 2 23 ooo 3 12 -oo 3 31 ooo 3 19 ooo 3 6 ooo 4 8 ooo 4 13 ooo 4 30 ooo 4 18 ooo 5 20 ooo 5 32 ooo 5 7 ooo 5 14 o+o 6 21 o+o 6 16 ooo 6 28 ooo 7 15 oo- 7 27 ooo 7 22 ooo 8 23 -oo 8 17 ooo 8 29 ooo 9 25 ooo 9 13 ooo 9 18 o-o 10 19 ooo 10 12 ooo 10 24 ooo 11 14 ooo 11 26 ooo 11 20 +oo 12 21 ooo 12 28 ooo 13 29 o-o 13 23 ooo 14 22 ooo 14 27 +oo 15 25 ooo 15 18 ooo 16 20 ooo 16 26 o+o 17 24 -oo 17 19 ooo 18 34 ooo 19 35 -oo 20 33 o+o 21 31 ooo 22 32 +oo 23 30 o-o 24 35 o+o 24 30 ooo 25 34 --o 25 32 o-+ 26 33 +oo 26 31 +oo 27 32 o-o 27 33 ooo 28 31 ++o 28 35 o+o 29 30 -oo 29 34 -oo ,87.09509819,hexagonal
+ x a DDO c OOO o C C C C C C C C 0 2 -oo 0 2 o+o 0 1 -++ 0 4 oo+ 1 3 o-o 1 3 +oo 1 5 oo- 2 3 ooo 2 6 ooo 3 7 ooo 4 5 -o- 4 5 o+- 4 7 ooo 5 6 ooo 6 7 o-o 6 7 +oo ,83.1,monoclinic
o w n OOE b OOD e OOE o C C C C C C C C C C C C C C C C C C C C C C C C C C C C C C C C C C C C C C C C C C C C C C C C 0 37 ooo 0 11 ooo 0 41 o-o 0 26 ooo 1 38 oo- 1 10 ooo 1 24 ooo 1 39 +oo 2 25 ooo 2 40 ooo 2 36 ooo 2 9 ooo 3 29 ooo 3 38 o+o 3 40 ooo 3 8 ooo 4 36 -oo 4 27 ooo 4 41 ooo 4 7 ooo 5 39 ooo 5 6 ooo 5 37 ooo 5 28 ooo 6 47 -oo 6 32 ooo 6 43 ooo 7 44 ooo 7 30 ooo 7 45 o+o 8 31 ooo 8 42 oo+ 8 46 ooo 9 46 ooo 9 35 ooo 9 44 +oo 10 42 o-o 10 33 ooo 10 47 ooo 11 43 ooo 11 45 ooo 11 34 ooo 12 45 ooo 12 26 ooo 12 30 o-o 12 21 ooo 13 23 ooo 13 47 ooo 13 24 ooo 13 32 +oo 14 25 ooo 14 31 ooo 14 22 ooo 14 46 ooo 15 18 ooo 15 29 oo- 15 33 o+o 15 42 ooo 16 27 ooo 16 35 -oo 16 44 ooo 16 20 ooo 17 43 ooo 17 19 ooo 17 28 ooo 17 34 ooo 18 24 -oo 18 32 ooo 18 39 ooo 19 41 ooo 19 26 o+o 19 30 ooo 20 25 ooo 20 31 ooo 20 40 ooo 21 36 ooo 21 27 +oo 21 35 ooo 22 29 o-o 22 33 oo+ 22 38 ooo 23 37 ooo 23 28 ooo 23 34 ooo 24 46 oo- 25 45 ooo 26 47 ooo 27 43 ooo 28 42 ooo 29 44 ooo 30 40 ooo 31 39 oo+ 32 41 ooo 33 37 ooo 34 36 ooo 35 38 ooo ,41.34317901,hexagonal
o u a DDD b DDD g ODB c DOB h ODB + OBZ C C C C C C C C C C C C C C C C 0 7 ooo 0 1 o+o 0 4 ooo 0 8 ++o 1 9 ooo 1 6 ooo 1 5 ooo 2 5 ooo 2 7 ooo 2 10 +oo 2 3 oo+ 3 4 ooo 3 11 o+o 3 6 ++o 4 5 oo- 4 12 ooo 5 13 ooo 6 7 o-o 6 14 ooo 7 15 ooo 8 12 -o+ 8 9 oo+ 8 15 oo+ 9 13 o-- 9 14 oo- 10 11 -oo 10 15 oo+ 10 13 ooo 11 14 oo- 11 12 ooo 12 13 +oo 14 15 oo+ ,60.0182557,tetragonal
o w b OOO g OOO j DDD o C C C C C C C C C C C C C C C C C C C C C C C C C C C C C C C C 0 25 ooo 0 5 ooo 0 7 ooo 1 24 ooo 1 4 ooo 1 22 +oo 1 7 +oo 2 10 ooo 2 11 ooo 2 14 ooo 2 21 oo+ 3 14 ooo 3 4 ooo 3 5 +oo 4 29 ooo 5 18 -oo 5 28 ooo 6 17 oo+ 6 10 ooo 6 15 ooo 6 14 ooo 7 10 ooo 8 13 ooo 8 17 ooo 8 15 ooo 9 12 ooo 9 15 o+o 9 16 ooo 9 26 o+o 10 25 oo+ 11 13 o+o 11 12 ooo 12 21 ooo 13 30 o-o 13 20 ooo 14 29 oo+ 16 21 oo+ 16 23 o++ 17 20 oo- 17 23 ooo 18 27 ooo 18 26 o+o 18 30 +oo 19 30 ooo 19 21 ooo 19 20 o+- 22 26 -oo 22 30 o-o 22 31 ooo 23 26 ooo 24 29 oo+ 24 31 +o+ 25 31 ooo 25 28 oo- 27 29 ooo 27 28 +o- ,32.59859898,tetragonal
o w n OOE b OOO e OOE o C C C C C C C C C C C C 0 11 ooo 0 11 oo+ 0 7 o-+ 0 10 oo+ 1 10 ooo 1 10 oo+ 1 9 ooo 1 6 +oo 2 11 ooo 2 8 ooo 2 9 oo- 2 9 ooo 3 7 oo+ 3 8 ooo 3 8 oo+ 3 10 o++ 4 9 -oo 4 6 ooo 4 7 ooo 4 7 oo+ 5 6 oo- 5 6 ooo 5 11 ooo 5 8 ooo ,43.4198664,hexagonal
o v b DOD c ODD d OOO e FBB o C C C C C C C C C C C C C C C C C C C C C C C C C C C C C C C C C C C C C C C C C C C C C C C C C C C C C C C C C C C C C C C C C C C C C C C C C C C C C C C C C C C C C C C C 0 19 ooo 0 54 ooo 0 79 +oo 0 1 +oo 1 25 -oo 1 12 ooo 1 35 ooo 2 3 oo+ 2 78 ooo 2 52 ooo 2 21 ooo 3 39 oo- 3 8 ooo 3 27 ooo 4 77 -oo 4 5 -o- 4 17 ooo 4 53 ooo 5 10 ooo 5 33 oo+ 5 31 +oo 6 55 ooo 6 23 ooo 6 7 ooo 6 76 ooo 7 29 ooo 7 37 ooo 7 14 ooo 8 58 ooo 8 83 o+o 8 9 o+o 9 29 ooo 9 45 o-o 9 20 ooo 10 82 ooo 10 56 ooo 10 11 +oo 11 25 -oo 11 16 ooo 11 47 ooo 12 13 --o 12 81 o-o 12 57 ooo 13 18 ooo 13 43 o+o 13 31 +oo 14 15 ooo 14 59 ooo 14 80 ooo 15 41 ooo 15 22 ooo 15 27 ooo 16 87 oo+ 16 50 ooo 16 17 oo+ 17 41 ooo 17 39 oo- 18 48 ooo 18 19 o+o 18 86 ooo 19 45 o-o 19 37 ooo 20 85 oo- 20 21 o-- 20 49 ooo 21 33 oo+ 21 43 o+o 22 23 ooo 22 51 ooo 22 84 ooo 23 35 ooo 23 47 ooo 24 43 ooo 24 82 ooo 24 57 +oo 24 25 ooo 25 36 ooo 26 27 ooo 26 58 ooo 26 80 ooo 26 45 ooo 27 32 ooo 28 83 ooo 28 41 ooo 28 29 ooo 28 59 ooo 29 34 ooo 30 56 -oo 30 31 ooo 30 47 ooo 30 81 ooo 31 38 ooo 32 52 oo- 32 77 ooo 32 33 ooo 33 44 ooo 34 79 ooo 34 35 ooo 34 55 ooo 35 40 ooo 36 37 ooo 36 76 ooo 36 54 ooo 37 42 ooo 38 53 oo+ 38 39 ooo 38 78 ooo 39 46 ooo 40 87 ooo 40 51 ooo 40 41 ooo 42 48 o-o 42 85 ooo 42 43 ooo 44 45 ooo 44 86 ooo 44 49 o+o 46 47 ooo 46 50 ooo 46 84 ooo 48 65 ooo 48 61 ooo 49 60 ooo 49 64 +oo 50 63 ooo 50 66 ooo 51 67 -oo 51 62 ooo 52 66 ooo 52 61 ooo 53 64 o+o 53 62 ooo 54 60 ooo 54 67 ooo 55 63 ooo 55 65 o-o 56 61 ooo 56 67 ooo 57 64 oo+ 57 63 ooo 58 62 ooo 58 65 ooo 59 66 oo- 59 60 ooo 60 73 ooo 61 72 ooo 62 74 ooo 63 75 ooo 64 69 ooo 65 68 ooo 66 70 ooo 67 71 ooo 68 81 ooo 68 84 ooo 68 78 ooo 69 79 ooo 69 87 ooo 69 83 ooo 70 85 ooo 70 76 ooo 70 82 ooo 71 80 ooo 71 77 ooo 71 86 ooo 72 84 ooo 72 76 ooo 72 80 ooo 73 82 oo- 73 77 ooo 73 87 +oo 74 86 -oo 74 81 ooo 74 79 o+o 75 78 o-o 75 83 oo+ 75 85 ooo ,65.34514082,cubic
o v b OOO c OOO d OOO l OOO o C C C C C C C C C C C C C C C C C C C C C C C C C C C C C C C C C C C C C C C C C C C C C C C C C C C C C C C C C C C C C C C C C C C C C C C C 0 66 ooo 0 48 o-+ 0 62 ooo 0 57 ooo 1 67 ooo 1 61 ooo 1 2 ooo 1 40 ooo 2 68 ooo 2 60 ooo 2 11 o-o 3 71 ooo 3 51 ooo 3 63 ooo 3 54 o++ 4 37 ooo 4 5 ooo 4 64 ooo 4 70 ooo 5 69 ooo 5 65 ooo 5 8 o+o 6 68 ooo 6 51 o-- 6 54 ooo 6 60 ooo 7 8 ooo 7 43 ooo 7 67 ooo 7 61 ooo 8 66 ooo 8 62 ooo 9 69 ooo 9 48 ooo 9 65 ooo 9 57 o+- 10 64 ooo 10 70 ooo 10 46 ooo 10 11 ooo 11 71 ooo 11 63 ooo 12 54 ooo 12 50 ooo 12 36 +o- 12 45 ooo 13 55 ooo 13 14 ooo 13 49 ooo 13 64 ooo 14 56 ooo 14 48 ooo 14 23 oo- 15 59 ooo 15 51 ooo 15 39 ooo 15 42 +o+ 16 17 ooo 16 52 ooo 16 61 ooo 16 58 ooo 17 57 ooo 17 53 ooo 17 20 oo+ 18 39 -o- 18 42 ooo 18 56 ooo 18 48 ooo 19 55 ooo 19 20 ooo 19 67 ooo 19 49 ooo 20 54 ooo 20 50 ooo 21 36 ooo 21 45 -o+ 21 57 ooo 21 53 ooo 22 52 ooo 22 58 ooo 22 70 ooo 22 23 ooo 23 59 ooo 23 51 ooo 24 60 -+o 24 42 ooo 24 38 ooo 24 69 ooo 25 26 ooo 25 43 ooo 25 37 ooo 25 52 ooo 26 36 ooo 26 35 -oo 26 44 ooo 27 47 ooo 27 63 ooo 27 39 ooo 27 66 ++o 28 49 ooo 28 29 ooo 28 40 ooo 28 46 ooo 29 45 ooo 29 41 ooo 29 32 +oo 30 63 --o 30 66 ooo 30 44 ooo 30 36 ooo 31 32 ooo 31 43 ooo 31 55 ooo 31 37 ooo 32 42 ooo 32 38 ooo 33 60 ooo 33 41 ooo 33 69 +-o 33 45 ooo 34 58 ooo 34 40 ooo 34 46 ooo 34 35 ooo 35 47 ooo 35 39 ooo 37 38 ooo 38 47 -oo 40 41 ooo 41 44 +oo 43 44 ooo 46 47 ooo 49 50 ooo 50 59 oo- 52 53 ooo 53 56 oo+ 55 56 ooo 58 59 ooo 61 62 ooo 62 71 o-o 64 65 ooo 65 68 o+o 67 68 ooo 70 71 ooo ,42.21825912,cubic
o u a DDD b DDD g ODB c DOF h ODB + OBZ C C C C C C C C C C C C C C C C C C C C C C C C C C C C C C C C 0 18 ooo 0 29 oo+ 0 5 oo+ 0 6 +oo 1 4 oo- 1 7 o+o 1 31 oo- 1 16 ooo 2 6 oo- 2 22 ooo 2 4 oo- 2 25 ooo 3 27 ooo 3 7 oo+ 3 20 o-o 3 5 oo+ 4 21 ooo 4 26 ooo 5 23 ooo 5 24 +oo 6 30 ooo 6 17 oo+ 7 19 oo- 7 28 ooo 8 14 ooo 8 13 ooo 8 23 ooo 8 26 +oo 9 24 ooo 9 21 ooo 9 15 ooo 9 12 ooo 10 17 ooo 10 12 ooo 10 28 ooo 10 14 ooo 11 13 --o 11 30 ooo 11 15 ooo 11 19 ooo 12 18 ooo 12 31 ooo 13 16 ooo 13 29 ooo 14 25 ooo 14 20 ooo 15 22 o-o 15 27 ooo 16 25 ooo 17 24 ooo 17 19 oo- 18 27 ooo 19 26 o-o 20 31 ooo 21 30 ooo 21 23 -oo 22 29 -oo 23 28 ooo 25 27 o+o 29 31 oo- ,63.31615493,tetragonal
+ w b OOO g OOO c DDO o C C C C C C C C C C C C C C C C C C C C C C C C C C C C C C C C C C C C C C C C 0 1 ooo 0 7 o-o 0 28 ooo 0 18 ooo 1 4 -oo 1 38 ooo 1 19 oo- 2 30 ooo 2 5 o+o 2 3 ooo 2 16 ooo 3 39 ooo 3 17 oo- 3 6 +oo 4 5 ooo 4 24 ooo 4 22 ooo 5 36 ooo 5 23 oo- 6 26 ooo 6 7 ooo 6 20 ooo 7 37 ooo 7 21 oo- 8 15 ooo 8 20 ooo 8 26 ooo 8 9 ooo 9 34 ooo 9 12 ooo 9 27 oo+ 10 11 ooo 10 22 ooo 10 24 ooo 10 13 ooo 11 14 ooo 11 35 ooo 11 25 oo+ 12 13 ooo 12 30 ooo 12 16 ooo 13 31 oo+ 13 32 ooo 14 18 ooo 14 15 ooo 14 28 ooo 15 33 ooo 15 29 oo+ 16 23 o+o 16 17 ooo 17 32 ooo 17 20 +oo 18 19 ooo 18 21 o-o 19 22 -oo 19 33 ooo 20 21 ooo 21 34 ooo 22 23 ooo 23 35 ooo 24 25 ooo 24 31 ooo 25 28 ooo 25 36 ooo 26 29 ooo 26 27 ooo 27 37 ooo 27 30 ooo 28 29 ooo 29 38 ooo 30 31 ooo 31 39 ooo 32 33 +oo 32 39 oo+ 33 38 oo+ 34 35 o+o 34 37 oo+ 35 36 oo+ 36 37 o-o 38 39 -oo ,57.44926025,tetragonal
+ w a ECC n OOO e OOD o C C C C C C C C C C C C C C C C C C C C C C C C C C C C C C C C C C C C C C C C C C C C C C C C 0 16 ooo 0 1 ooo 0 3 ooo 0 34 ooo 1 35 o-o 1 33 o-o 1 29 oo- 2 14 o-o 2 23 ooo 2 47 o-o 2 28 ooo 3 22 oo- 3 29 oo- 3 46 +oo 4 5 ooo 4 7 ooo 4 12 ooo 4 26 ooo 5 33 -oo 5 27 oo- 5 25 oo- 6 43 oo- 6 19 ooo 6 22 oo- 6 32 ooo 7 33 -oo 7 18 -oo 7 42 o+o 8 9 ooo 8 11 ooo 8 20 ooo 8 30 ooo 9 31 -oo 9 29 -oo 9 25 o-o 10 39 -oo 10 18 -oo 10 15 ooo 10 24 ooo 11 25 o-o 11 14 o-o 11 38 oo+ 12 46 ooo 12 15 ooo 12 13 ooo 13 41 ooo 13 45 ooo 13 47 ooo 14 40 ooo 14 35 oo+ 15 34 -oo 15 41 ooo 16 38 ooo 16 19 ooo 16 17 ooo 17 37 ooo 17 45 ooo 17 39 ooo 18 44 ooo 18 31 o+o 19 30 oo- 19 45 ooo 20 42 ooo 20 23 ooo 20 21 ooo 21 41 ooo 21 37 ooo 21 43 ooo 22 36 ooo 22 27 +oo 23 26 o-o 23 37 ooo 24 27 ooo 24 25 ooo 24 40 ooo 26 47 ooo 26 38 o+o 27 46 oo+ 28 36 ooo 28 31 ooo 28 29 ooo 30 46 oo+ 30 43 ooo 31 42 +oo 32 44 ooo 32 35 ooo 32 33 ooo 34 39 ooo 34 42 +oo 35 38 o+o 36 37 ooo 36 39 ooo 40 41 ooo 40 43 ooo 44 45 ooo 44 47 ooo ,55.6355829,trigonal
o v b OOO g DDD c OOO h DDD + YBY C C C C C C C C C C C C C C C C C C C C C C C C C C C C C C C C C C C C C C C C C C C C C C C C 0 42 ooo 0 37 ooo 0 2 ooo 0 15 oo+ 1 36 ooo 1 4 o-o 1 32 ooo 1 13 ooo 2 47 ooo 2 34 ooo 2 23 ooo 3 5 ooo 3 40 ooo 3 12 oo+ 3 45 ooo 4 35 ooo 4 16 ooo 4 39 ooo 5 20 ooo 5 31 ooo 5 44 ooo 6 8 -oo 6 18 -oo 6 36 ooo 6 46 ooo 7 29 o+o 7 45 ooo 7 22 o++ 7 10 o+o 8 41 ooo 8 17 ooo 8 25 +oo 9 43 ooo 9 39 ooo 9 11 +oo 9 21 +oo 10 42 ooo 10 26 o-o 10 19 o-+ 11 28 -oo 11 14 ooo 11 38 ooo 12 25 ooo 12 14 ooo 12 30 ooo 13 16 o-o 13 44 ooo 13 24 ooo 14 46 ooo 14 35 ooo 15 33 ooo 15 17 ooo 15 28 ooo 16 27 ooo 16 47 ooo 17 32 ooo 17 43 ooo 18 24 ooo 18 34 ooo 18 20 +oo 19 33 ooo 19 22 o+o 19 41 o+o 20 37 -oo 20 29 ooo 21 23 -oo 21 31 ooo 21 27 ooo 22 38 o-o 22 30 ooo 23 26 ooo 23 40 +oo 24 26 o-o 24 39 o-o 25 37 -o- 25 28 -oo 26 47 ooo 27 36 o+o 27 29 o+o 28 40 +o- 29 44 ooo 30 32 ooo 30 42 oo- 31 34 -oo 31 46 ooo 32 41 ooo 33 45 oo- 33 35 ooo 34 43 ooo 35 38 ooo 36 38 o-o 37 40 +oo 39 41 o+o 42 44 ooo 43 46 +oo 45 47 ooo ,40.63126635,tetragonal
+ w n OOO b OOD e OOO o C C C C C C C C C C C C C C C C C C C C C C C C C C C C C C C C C C C C 0 8 -oo 0 14 ooo 0 7 o+o 0 9 ooo 1 6 -oo 1 12 ooo 1 7 ooo 1 11 ooo 2 13 ooo 2 8 ooo 2 6 o+o 2 10 ooo 3 10 o-- 3 17 ooo 3 11 +o- 3 6 ooo 4 10 oo- 4 15 ooo 4 9 +o- 4 8 ooo 5 9 o-- 5 11 oo- 5 16 ooo 5 7 ooo 6 20 ooo 7 18 ooo 8 19 ooo 9 23 ooo 10 21 ooo 11 22 ooo 12 32 ooo 12 31 ooo 12 22 ooo 13 30 ooo 13 31 ooo 13 21 ooo 14 32 ooo 14 30 ooo 14 23 ooo 15 34 oo- 15 35 oo- 15 19 ooo 16 34 oo- 16 33 oo- 16 18 ooo 17 33 oo- 17 35 oo- 17 20 ooo 18 25 ooo 18 26 ooo 19 25 ooo 19 24 ooo 20 26 ooo 20 24 ooo 21 29 oo+ 21 28 oo+ 22 27 oo+ 22 28 oo+ 23 27 oo+ 23 29 oo+ 24 32 +oo 24 35 ooo 25 31 ooo 25 34 ooo 26 30 o-o 26 33 ooo 27 35 -o- 27 32 ooo 28 34 oo- 28 31 ooo 29 33 o+- 29 30 ooo ,78.11980355,hexagonal
+ w n OOO b OOD e OOD o C C C C C C C C C C C C C C C C C C C C C C C C C C C C C C C C C C C C C C C C C C C C C C C C 0 33 ooo 0 11 ooo 0 15 ooo 0 9 ooo 1 11 ooo 1 35 ooo 1 16 ooo 1 10 ooo 2 9 ooo 2 10 ooo 2 17 ooo 2 34 o+o 3 6 oo+ 3 8 oo+ 3 30 +oo 3 12 ooo 4 7 oo+ 4 32 ooo 4 13 ooo 4 8 oo+ 5 31 ooo 5 7 oo+ 5 14 ooo 5 6 oo+ 6 27 ooo 6 21 ooo 7 29 ooo 7 22 ooo 8 28 +oo 8 23 ooo 9 24 o+o 9 18 ooo 10 26 ooo 10 19 ooo 11 25 ooo 11 20 ooo 12 21 ooo 12 23 ooo 12 25 +oo 13 22 ooo 13 26 ooo 13 23 ooo 14 24 ooo 14 22 ooo 14 21 ooo 15 28 ooo 15 20 oo- 15 18 oo- 16 20 oo- 16 29 ooo 16 19 oo- 17 18 oo- 17 19 oo- 17 27 o+o 18 31 o+o 19 32 ooo 20 30 ooo 21 34 ooo 22 35 ooo 23 33 +oo 24 42 ooo 24 38 ooo 25 43 ooo 25 36 ooo 26 44 ooo 26 37 ooo 27 45 oo- 27 41 ooo 28 46 oo- 28 39 ooo 29 47 oo- 29 40 ooo 30 36 ooo 30 43 oo+ 31 38 ooo 31 42 oo+ 32 37 ooo 32 44 oo+ 33 39 ooo 33 46 ooo 34 41 ooo 34 45 ooo 35 40 ooo 35 47 ooo 36 45 -oo 36 47 ooo 37 45 o+o 37 46 +oo 38 46 o-o 38 47 ooo 39 44 -oo 39 42 o+o 40 43 ooo 40 42 ooo 41 44 o-o 41 43 +oo ,86.51353987,hexagonal
+ v a DDD b DOD c ODD d OOO o C C C C C C C C C C C C C C C C C C C C C C C C C C C C C C C C 0 17 o-o 0 23 ooo 0 29 ooo 0 2 ooo 1 28 -oo 1 20 -oo 1 3 ooo 1 19 oo+ 2 18 ooo 2 22 ooo 2 31 oo+ 3 30 ooo 3 21 o+o 3 16 ooo 4 21 oo- 4 31 ooo 4 6 ooo 4 15 ooo 5 12 o-o 5 7 ooo 5 28 o-o 5 23 +oo 6 14 ooo 6 22 ooo 6 30 +oo 7 29 ooo 7 20 ooo 7 13 oo+ 8 19 ooo 8 30 ooo 8 13 -oo 8 10 ooo 9 16 oo- 9 15 o+o 9 28 oo- 9 11 ooo 10 29 o+o 10 14 ooo 10 18 ooo 11 31 ooo 11 12 ooo 11 17 +oo 12 14 ooo 12 25 o+o 13 15 ooo 13 24 +oo 14 27 ooo 15 26 +oo 16 18 ooo 16 27 oo+ 17 24 o+o 17 19 ooo 18 26 ooo 19 25 o+o 20 22 ooo 20 26 +oo 21 23 ooo 21 24 oo+ 22 25 ooo 23 27 oo+ 24 28 --- 25 29 ooo 26 30 ooo 27 31 ooo ,82.11278004,cubic
+ w a DDO b OOO c OOO o C C C C 0 2 ooo 0 2 +oo 0 1 ooo 0 1 o+o 1 3 +o- 2 3 ooo 2 3 o+o ,27.167215429974608,orthorhombic
+ w b OOO g OOD c OOO o C C C C C C C C C C C C C C C C C C C C C C C C 0 21 ooo 0 6 ooo 0 12 o-o 0 13 ooo 1 12 ooo 1 20 ooo 1 7 ooo 1 13 o+o 2 22 ooo 2 4 ooo 2 15 +oo 2 14 ooo 3 14 -oo 3 15 ooo 3 23 ooo 3 5 ooo 4 9 ooo 4 8 o-o 4 17 ooo 5 16 ooo 5 9 o+o 5 8 ooo 6 11 -oo 6 18 ooo 6 10 ooo 7 19 ooo 7 11 ooo 7 10 +oo 8 14 ooo 8 17 ooo 9 15 ooo 9 16 ooo 10 12 ooo 10 19 ooo 11 13 ooo 11 18 ooo 12 21 ooo 13 20 ooo 14 23 ooo 15 22 ooo 16 17 -oo 16 21 ooo 17 20 ooo 18 19 o-o 18 22 oo+ 19 23 oo+ 20 21 +oo 22 23 o-o ,51.41014837,tetragonal
o w n OOC b OOO e OOC o C C C C C C C C C C C C C C C C C C C C C C C C 0 18 ooo 0 16 o+o 0 3 o+o 1 17 ooo 1 4 -oo 1 19 ooo 2 5 ooo 2 20 ooo 2 15 oo+ 3 13 ooo 3 21 ooo 4 22 ooo 4 14 +oo 5 23 ooo 5 12 oo+ 6 17 +o- 6 21 ooo 6 9 +oo 7 16 ooo 7 23 ooo 7 10 o-o 8 11 ooo 8 15 ooo 8 22 ooo 9 14 oo- 9 18 ooo 10 20 ooo 10 13 o+o 11 19 ooo 11 12 ooo 12 21 -oo 12 18 o-o 13 22 o-o 13 19 +oo 14 20 -oo 14 23 o+o 15 21 o+o 15 18 +oo 16 22 --o 16 19 ooo 17 20 --o 17 23 ooo ,35.11034504,hexagonal
o v a DDD b DDD g ODB c DOF o C C C C C C C C C C C C C C C C 0 2 oo- 0 12 ooo 0 11 o+o 0 10 +oo 1 9 ooo 1 13 o+o 1 10 +oo 1 15 +++ 2 14 ooo 2 8 ooo 2 9 ooo 3 13 oo- 3 11 ooo 3 15 +oo 3 8 +oo 4 8 ooo 4 6 ooo 4 12 ooo 4 13 o+o 5 15 ooo 5 12 ooo 5 11 ooo 5 9 ooo 6 10 ooo 6 15 o+o 6 14 o+o 7 11 ooo 7 13 ooo 7 9 ooo 7 14 +oo 8 10 ooo 12 14 oo- ,40.69317039,tetragonal
o x n OOE f OOC o C C C C C C C C C C C C C C C C C C 0 4 o-+ 0 15 oo+ 0 5 oo+ 0 12 ooo 1 6 ooo 1 5 o+o 1 16 ooo 1 13 +oo 2 7 ooo 2 17 ooo 2 6 ooo 2 11 ooo 3 12 ooo 3 9 ooo 3 8 ooo 3 7 +oo 4 8 -o- 4 13 ooo 4 10 o+- 5 17 ooo 5 14 ooo 6 15 ooo 6 9 ooo 7 16 --o 7 10 ooo 8 11 ooo 8 14 oo+ 9 13 +oo 9 14 ooo 10 14 -o+ 10 15 oo+ 11 15 oo+ 11 16 ooo 12 17 ooo 12 16 o-o 13 17 o+o ,58.70178522,trigonal
+ x n OOO f OOD o C C C C C C C C C C C C C C C C C C C C C C C C C C C C C C C C C C C C C C C C C C C C C C C C C C C C 0 38 ooo 0 24 +o- 0 20 ooo 0 7 +oo 1 33 o-- 1 13 ooo 1 31 oo- 1 29 +o- 2 48 ooo 2 36 ooo 2 23 ooo 2 22 ooo 3 22 oo- 3 8 o+o 3 23 ooo 3 33 oo- 4 11 ooo 4 46 ooo 4 28 oo- 4 16 ooo 5 35 oo- 5 33 oo- 5 25 +o- 5 21 ooo 6 44 ooo 6 19 ooo 6 48 ooo 6 18 ooo 7 25 oo- 7 18 oo- 7 19 ooo 8 32 o-- 8 12 ooo 8 42 ooo 9 25 o-- 9 29 oo- 9 17 ooo 9 27 oo- 10 15 ooo 10 48 ooo 10 14 ooo 10 40 ooo 11 29 oo- 11 15 ooo 11 14 oo- 12 19 o-o 12 26 ooo 12 36 o-o 13 43 ooo 13 41 o-o 13 45 +oo 14 24 ooo 14 49 oo+ 15 20 -oo 15 45 ooo 16 40 ooo 16 23 ooo 16 34 ooo 17 45 ooo 17 37 o-o 17 47 ooo 18 49 oo+ 18 32 ooo 19 37 ooo 20 30 ooo 20 44 +oo 21 41 ooo 21 39 ooo 21 37 +oo 22 49 oo+ 22 28 ooo 23 41 ooo 24 31 -oo 24 44 ooo 25 37 ooo 26 46 ooo 26 47 ooo 26 50 ooo 27 47 ooo 27 32 o-o 27 46 oo+ 28 40 ooo 28 35 ooo 29 45 ooo 30 42 ooo 30 50 ooo 30 43 ooo 31 43 ooo 31 42 oo+ 32 36 ooo 33 41 ooo 34 50 ooo 34 38 ooo 34 39 ooo 35 38 oo+ 35 39 ooo 36 43 o+o 38 51 oo- 39 44 +oo 40 47 ooo 42 51 oo- 46 51 oo- 48 49 ooo 50 51 ooo ,81.73453205,trigonal
o z o C C C C C C C C C C C C C C C C C C C C C C C C C C C C C C C C 0 13 ooo 0 2 ooo 0 18 o+o 0 30 +oo 1 3 -oo 1 31 -oo 1 16 -o- 1 12 ooo 2 14 ooo 2 19 ooo 2 29 ooo 3 28 oo- 3 17 ooo 3 15 o-o 4 23 ooo 4 28 o+o 4 6 ooo 4 13 oo+ 5 30 ooo 5 15 -oo 5 7 ooo 5 22 o+o 6 12 ooo 6 20 ooo 6 29 ooo 7 31 -oo 7 21 oo- 7 14 ooo 8 10 ooo 8 31 oo+ 8 18 ooo 8 23 +oo 9 21 o-o 9 11 ooo 9 28 ooo 9 19 oo+ 10 22 ooo 10 29 ooo 10 17 ooo 11 30 o-o 11 16 -oo 11 20 ooo 12 26 ooo 12 14 ooo 13 27 ooo 13 15 ooo 14 25 o+o 15 24 oo- 16 18 ooo 16 24 o-o 17 19 ooo 17 26 +oo 18 25 ooo 19 27 ooo 20 22 ooo 20 27 oo+ 21 24 -oo 21 23 ooo 22 25 ooo 23 26 ooo 24 29 ooo 25 28 ooo 26 30 ooo 27 31 ooo ,68.55492472,triclinic
o w b OOD g DDB c DDB o C C C C C C C C C C C C C C C C C C C C C C C C C C C C C C C C 0 22 -oo 0 9 ooo 0 25 ooo 0 26 ooo 1 12 -oo 1 24 ooo 1 25 ooo 1 19 ooo 2 27 ooo 2 20 ooo 2 24 ooo 2 11 ooo 3 14 -oo 3 17 o-o 3 27 oo+ 3 26 ooo 4 29 ooo 4 30 ooo 4 13 ooo 4 18 +oo 5 23 ooo 5 28 ooo 5 29 oo+ 5 8 +oo 6 15 ooo 6 16 ooo 6 28 ooo 6 31 ooo 7 30 ooo 7 21 o+o 7 31 ooo 7 10 +oo 8 26 ooo 8 17 ooo 8 18 oo+ 9 31 -oo 9 16 ooo 9 17 ooo 10 19 ooo 10 24 o+o 10 16 ooo 11 18 ooo 11 29 ooo 11 19 ooo 12 21 ooo 12 22 ooo 12 30 ooo 13 20 ooo 13 21 ooo 13 27 +oo 14 28 o-o 14 20 oo+ 14 23 ooo 15 25 ooo 15 23 ooo 15 22 ooo 16 25 o+o 17 28 ooo 18 27 o+o 19 30 ooo 20 29 o-o 21 24 ooo 22 31 o-o 23 26 ooo ,81.84376264,tetragonal
o w n OOC b OOO e OOC o C C C C C C C C C C C C 0 10 oo- 0 11 oo- 0 11 ooo 0 7 o+- 1 6 -oo 1 9 ooo 1 10 oo- 1 10 ooo 2 9 ooo 2 9 oo+ 2 8 ooo 2 11 ooo 3 8 oo- 3 8 ooo 3 10 o-- 3 7 oo- 4 7 oo- 4 7 ooo 4 6 ooo 4 9 +oo 5 8 ooo 5 11 ooo 5 6 ooo 5 6 oo+ ,42.97803051,hexagonal
o w n OOC b OOD e OOC o C C C C C C C C C C C C C C C C C C C C C C C C C C C C C C 0 5 ooo 0 4 o-o 0 7 ooo 0 15 ooo 1 17 ooo 1 8 oo+ 1 3 o-+ 1 5 +oo 2 6 ooo 2 3 ooo 2 16 ooo 2 4 +oo 3 12 oo- 3 10 ooo 4 11 ooo 4 14 ooo 5 13 ooo 5 9 ooo 6 15 ooo 6 22 ooo 6 18 ooo 7 19 ooo 7 23 o-o 7 17 ooo 8 20 ooo 8 16 ooo 8 21 +oo 9 21 oo+ 9 19 ooo 9 12 ooo 10 14 ooo 10 20 o+o 10 22 ooo 11 18 -oo 11 13 ooo 11 23 ooo 12 24 ooo 12 28 ooo 13 29 -oo 13 25 ooo 14 26 ooo 14 27 o+o 15 25 ooo 15 27 ooo 16 28 oo- 16 26 +oo 17 24 o-o 17 29 ooo 18 28 ooo 18 29 ooo 19 27 oo+ 19 28 ooo 20 27 ooo 20 29 ooo 21 26 ooo 21 25 ooo 22 25 ooo 22 24 ooo 23 26 oo+ 23 24 ooo ,59.14140107,hexagonal
+ w a ECC n OOO e OOD o C C C C C C C C C C C C 0 5 ooo 0 8 ooo 0 7 ooo 0 3 oo+ 1 8 ooo 1 4 ooo 1 6 ooo 1 5 o+o 2 7 ooo 2 6 ooo 2 4 +oo 2 3 ooo 3 11 +oo 3 10 o+o 4 11 oo+ 4 9 o+o 5 10 oo+ 5 9 +oo 6 9 oo- 6 11 ooo 7 11 o-o 7 10 ooo 8 10 -oo 8 9 ooo ,76.91112717,trigonal
o x n OOE e OOO o C C C C C C C C C C C C C C C C C C 0 7 o+o 0 13 ooo 0 17 o+o 1 12 ooo 1 2 +oo 1 3 +oo 2 14 --o 2 17 -oo 2 15 ooo 3 14 -oo 3 10 ooo 4 6 ooo 4 5 ooo 4 9 ooo 5 12 o+o 5 14 ooo 5 11 ++o 6 16 ooo 6 11 ooo 7 8 o-+ 7 15 ooo 8 9 -oo 8 17 -+- 8 11 o+o 9 16 +oo 10 11 o+o 10 12 o+o 13 15 ooo 13 14 ooo 16 17 -o- ,35.83779181,trigonal
+ w n OOO b OOD e OOO o C C C C C C C C 0 3 -oo 0 3 --o 0 3 ooo 0 2 ooo 1 2 o+o 1 2 ooo 1 2 ++o 1 5 ooo 3 7 ooo 4 7 -oo 4 7 --o 4 7 ooo 4 6 oo+ 5 6 o+o 5 6 ooo 5 6 ++o ,95.47715809418008,hexagonal
o v b OOO g OOO c OOO h DDD + YYY C C C C C C C C C C C C C C C C C C C C C C C C C C C C C C C C C C C C C C C C 0 20 o-o 0 22 ooo 0 10 o-o 0 3 ooo 1 15 ooo 1 32 oo+ 1 17 ooo 1 2 ooo 2 20 ooo 2 8 o+o 2 22 o+o 3 19 ooo 3 33 oo+ 3 13 ooo 4 16 ooo 4 7 ooo 4 18 +oo 4 12 +oo 5 34 oo+ 5 6 ooo 5 11 ooo 5 21 ooo 6 14 -oo 6 16 -oo 6 18 ooo 7 23 ooo 7 9 ooo 7 35 oo+ 8 11 ooo 8 28 o-o 8 30 ooo 9 25 ooo 9 10 ooo 9 35 ooo 10 28 ooo 10 30 o+o 11 34 ooo 11 27 ooo 12 26 -oo 12 24 ooo 12 15 ooo 13 29 ooo 13 33 ooo 13 14 ooo 14 26 ooo 14 24 +oo 15 32 ooo 15 31 ooo 16 19 ooo 16 26 oo+ 17 18 ooo 17 36 ooo 17 31 oo+ 18 24 oo+ 19 29 oo+ 19 37 ooo 20 28 oo+ 20 23 ooo 21 27 oo+ 21 22 ooo 21 38 ooo 22 30 oo+ 23 39 ooo 23 25 oo+ 24 27 ooo 25 39 ooo 25 26 ooo 27 38 ooo 28 31 ooo 29 30 ooo 29 37 ooo 31 36 ooo 32 35 -oo 32 34 o+o 33 35 o-o 33 34 +oo 36 38 ooo 36 39 ooo 37 38 ooo 37 39 ooo ,65.72629419,tetragonal
o w n OOO i OOO e OOO o C C C C C C C C C C C C 0 10 -oo 0 7 o+o 0 3 ooo 0 9 ooo 1 7 ooo 1 9 ooo 1 10 ooo 1 4 ooo 2 9 o-o 2 10 ooo 2 7 +oo 2 5 ooo 3 11 -oo 3 6 o+o 3 8 ooo 4 6 ooo 4 8 ooo 4 11 ooo 5 8 o-o 5 11 ooo 5 6 +oo 6 7 ooo 8 9 oo- 10 11 oo+ ,67.69689603,hexagonal
o w b OOD g OOF c OOO o C C C C C C C C C C C C C C C C C C C C 0 14 oo- 0 10 ooo 0 5 o-o 1 11 ooo 1 15 o+o 1 4 o+o 2 9 ooo 2 13 +oo 2 6 +o+ 3 12 ooo 3 7 -oo 3 8 ooo 4 15 oo+ 4 9 ooo 5 8 ooo 5 14 o+o 6 13 ooo 6 10 ooo 7 11 ooo 7 12 +o+ 8 18 oo- 8 18 ooo 9 19 ooo 9 19 oo+ 10 17 oo- 10 17 ooo 11 16 ooo 11 16 oo+ 12 15 -+o 12 14 o+- 13 15 -oo 13 14 ooo 16 18 oo- 16 19 ooo 17 19 ooo 17 18 ooo ,27.81093671,tetragonal
+ w a ECC n OOO e OOD o C C C C C C C C C C C C C C C C C C C C C C C C C C C C C C C C C C C C C C C C C C C C C C C C C C C C 0 14 ooo 0 19 o+o 0 1 ooo 0 3 o+o 1 2 ooo 1 33 +oo 1 29 o+o 2 12 ooo 2 35 ooo 2 48 oo- 3 16 ooo 3 27 +-o 3 30 ooo 4 5 ooo 4 22 ooo 4 15 oo+ 4 7 oo+ 5 6 ooo 5 33 oo+ 5 25 o+o 6 48 -oo 6 20 ooo 6 27 ooo 7 34 ooo 7 12 ooo 7 31 o+- 8 9 ooo 8 18 ooo 8 23 +oo 8 11 +oo 9 10 ooo 9 29 oo+ 9 25 +oo 10 16 ooo 10 31 ooo 10 48 o-o 11 35 -o+ 11 26 ooo 11 20 ooo 12 15 ooo 12 13 ooo 13 41 ooo 13 45 ooo 13 14 ooo 14 49 ooo 14 47 ooo 15 42 ooo 15 39 oo- 16 19 ooo 16 17 ooo 17 37 ooo 17 45 ooo 17 18 ooo 18 39 ooo 18 49 ooo 19 43 o-o 19 46 ooo 20 23 ooo 20 21 ooo 21 37 ooo 21 41 ooo 21 22 ooo 22 43 ooo 22 49 ooo 23 47 -oo 23 38 ooo 24 27 o-o 24 25 ooo 24 43 o-o 24 38 ooo 25 26 ooo 26 50 oo+ 26 36 ooo 27 40 ooo 28 31 oo- 28 39 oo- 28 46 ooo 28 29 ooo 29 30 ooo 30 44 ooo 30 50 +oo 31 36 ooo 32 35 -oo 32 47 -oo 32 42 ooo 32 33 ooo 33 34 ooo 34 50 o+o 34 40 ooo 35 44 ooo 36 37 ooo 36 39 ooo 37 38 ooo 38 51 ooo 40 41 ooo 40 43 ooo 41 42 ooo 42 51 ooo 44 45 ooo 44 47 ooo 45 46 ooo 46 51 ooo 48 49 ooo 50 51 ooo ,75.62306893,trigonal
o x n OOE e OOO o C C C C C C C C C C C C C C C C C C C C C C C C C C C C C C 0 4 o-o 0 9 ooo 0 13 ooo 0 28 ooo 1 27 ooo 1 14 ooo 1 11 o-o 1 3 +oo 2 12 ooo 2 5 oo+ 2 29 oo+ 2 10 +oo 3 16 ooo 3 6 ooo 3 25 ooo 4 8 -oo 4 24 ooo 4 17 ooo 5 15 ooo 5 26 oo- 5 7 o+o 6 24 o-o 6 18 o-o 6 13 ooo 7 14 ooo 7 19 +o- 7 25 +oo 8 20 ooo 8 26 ooo 8 12 ooo 9 27 -oo 9 21 -oo 9 16 ooo 10 28 o+o 10 17 ooo 10 22 o++ 11 15 ooo 11 29 ooo 11 23 ooo 12 28 ooo 12 21 ooo 13 27 ooo 13 23 ooo 14 22 ooo 14 29 ooo 15 25 ooo 15 18 ooo 16 24 ooo 16 20 ooo 17 19 ooo 17 26 ooo 18 29 -oo 18 22 o+o 19 21 -oo 19 28 ooo 20 27 o+o 20 23 ooo 21 26 o-o 22 25 ooo 23 24 +oo ,77.8876198,trigonal
+ w b OOO g DDD c DDD o C C C C C C C C C C C C C C C C C C C C C C C C 0 21 ooo 0 11 +oo 0 9 oo- 0 10 ooo 1 11 ooo 1 10 -oo 1 8 oo- 1 20 ooo 2 9 -oo 2 22 ooo 2 11 ooo 2 8 ooo 3 9 ooo 3 23 ooo 3 8 +oo 3 10 ooo 4 15 ooo 4 14 o+o 4 17 ooo 4 13 ooo 5 16 ooo 5 15 o-o 5 14 ooo 5 12 ooo 6 18 ooo 6 12 o+o 6 13 ooo 6 15 oo+ 7 12 ooo 7 13 o-o 7 19 ooo 7 14 oo+ 8 18 ooo 9 19 ooo 10 17 ooo 11 16 ooo 12 22 ooo 13 23 ooo 14 21 ooo 15 20 ooo 16 17 --o 16 22 oo- 17 23 oo- 18 19 ooo 18 20 ooo 19 21 ooo 20 21 ooo 22 23 --o ,65.31920781,tetragonal
o w n OOE b OOO e OOE o C C C C C C C C C C C C C C C 0 9 ooo 0 14 oo+ 0 7 o++ 0 10 oo+ 1 6 -oo 1 9 ooo 1 11 ooo 1 12 ooo 2 11 ooo 2 10 ooo 2 13 o+o 2 8 ooo 3 7 oo+ 3 10 o-+ 3 6 ooo 3 14 +o+ 4 12 ooo 4 8 ooo 4 6 ooo 4 9 +oo 5 11 ooo 5 7 ooo 5 13 ooo 5 8 ooo 6 13 ooo 7 12 oo- 8 14 +oo 9 13 o+o 10 12 oo- 11 14 ooo ,52.50391537,hexagonal
o v a DDD b OOO m OOO j OOO o C C C C C C C C C C C C C C C C 0 9 o+o 0 12 ooo 0 5 ooo 0 4 +oo 1 13 ooo 1 5 -oo 1 4 ooo 1 8 ooo 2 11 -o- 2 14 ooo 2 7 o+o 2 6 ooo 3 7 ooo 3 6 o-o 3 15 oo+ 3 10 oo+ 4 14 oo+ 4 10 o++ 5 11 oo- 5 15 ooo 6 8 ooo 6 12 ooo 7 13 ooo 7 9 -oo 8 10 ooo 8 11 ooo 9 10 ooo 9 11 ooo 12 15 o++ 12 14 +o+ 13 15 -oo 13 14 o-o ,44.04633546,tetragonal
o s a ODD a DOD b ODD c DDO d OOO e FBF h BBB + ZZZ C C C C C C C C 0 1 oo- 0 2 o-o 0 3 -oo 0 5 ooo 1 4 ooo 1 2 o-+ 1 3 -o+ 2 6 ooo 2 3 -+o 3 7 ooo 4 5 ooo 4 7 ooo 4 6 ooo 5 7 ooo 5 6 ooo 6 7 ooo ,61.1,cubic
+ w n OOO b OOD e OOO o C C C C C C C C C C C C C C C C 0 4 --o 0 4 o-o 0 4 ooo 0 1 oo- 1 5 -oo 1 5 --o 1 5 ooo 2 6 -oo 2 6 --o 2 6 ooo 2 3 ooo 3 7 --o 3 7 o-o 3 7 ooo 4 11 ooo 5 10 ooo 6 9 ooo 7 8 ooo 8 14 -oo 8 14 ooo 8 14 o+o 9 15 ooo 9 15 o-o 9 15 +oo 10 12 ooo 10 12 o-o 10 12 +oo 11 13 -oo 11 13 ooo 11 13 o+o 12 15 ooo 13 14 ooo ,64.0,hexagonal
+ w b OOO g OOO c OOO o C C C C C C C C C C C C C C C C C C C C C C C C C C C C 0 10 ooo 0 27 oo+ 0 21 ooo 0 9 ooo 1 8 ooo 1 20 ooo 1 26 oo+ 1 11 ooo 2 24 oo+ 2 11 ooo 2 9 ooo 2 22 ooo 3 23 ooo 3 8 ooo 3 10 ooo 3 25 oo+ 4 17 ooo 4 13 ooo 4 14 ooo 4 25 ooo 5 24 ooo 5 15 ooo 5 12 ooo 5 16 ooo 6 13 ooo 6 18 ooo 6 26 ooo 6 15 ooo 7 14 ooo 7 27 ooo 7 19 ooo 7 12 ooo 8 13 ooo 9 12 ooo 10 14 ooo 11 15 ooo 16 22 oo- 16 18 +oo 16 19 o+o 17 19 -oo 17 18 o-o 17 23 oo- 18 20 oo- 19 21 oo- 20 22 -oo 20 23 o+o 21 22 o-o 21 23 +oo 24 26 ooo 24 27 ooo 25 27 ooo 25 26 ooo ,15.34871201,tetragonal
o w n OOC b OOO e OOC o C C C C C C C C C C C C C C C C C C C C C C C C C C C C C C C C C C C C C C C C C C C C C C C C 0 38 ooo 0 5 ooo 0 24 ooo 0 35 oo+ 1 8 ooo 1 43 ooo 1 45 ooo 1 41 ooo 2 36 ooo 2 26 ooo 2 42 +oo 2 30 o+o 3 41 ooo 3 15 o+o 3 32 o+o 4 9 ooo 4 31 o+o 4 32 o+- 4 46 ooo 5 39 ooo 5 37 ooo 5 41 ooo 6 26 -oo 6 38 o+o 6 44 ooo 6 34 o++ 7 28 -o+ 7 19 -oo 7 37 ooo 8 28 -oo 8 27 -oo 8 42 ooo 9 45 ooo 9 37 oo- 9 47 ooo 10 46 --o 10 30 -oo 10 40 ooo 10 34 ooo 11 45 ooo 11 24 ooo 11 23 ooo 12 47 oo+ 12 36 ooo 12 17 ooo 12 26 ooo 13 33 ooo 13 29 ooo 13 31 ooo 13 20 ooo 14 42 o-o 14 30 -oo 14 38 ooo 14 24 ooo 15 44 o-o 15 29 ooo 16 34 ooo 16 44 o-- 16 43 o-o 16 21 ooo 17 29 ooo 17 25 ooo 17 27 ooo 18 32 ooo 18 26 o-o 18 46 o-+ 18 38 +oo 19 25 ooo 19 40 +o+ 20 30 ooo 20 40 +oo 20 39 +oo 21 35 ooo 21 25 oo- 21 33 ooo 22 46 ooo 22 28 ooo 22 34 ++o 22 42 +oo 23 36 ooo 23 33 ooo 24 29 ooo 25 32 ooo 27 39 +oo 28 33 ooo 31 43 o-o 35 47 ooo 36 41 ooo 37 44 ooo 40 45 ooo ,56.22477861,hexagonal
o u a DDD b DOD c ODD d OOO e FBB o C C C C C C C C C C C C C C C C C C C C C C C C C C C C C C C C C C C C C C C C C C C C C C C C C C C C C C C C C C C C C C C C C C C C C C C C C C C C 0 54 ooo 0 2 ooo 0 67 ooo 0 26 ooo 1 3 ooo 1 65 ooo 1 35 ooo 1 55 +oo 2 66 -oo 2 24 ooo 2 52 oo+ 3 64 ooo 3 53 ooo 3 39 ooo 4 6 ooo 4 28 ooo 4 50 ooo 4 65 ooo 5 33 ooo 5 7 o+o 5 51 ooo 5 67 ++o 6 30 ooo 6 64 ooo 6 48 ooo 7 49 ooo 7 66 ooo 7 37 ooo 8 48 ooo 8 46 ooo 8 71 ooo 8 10 ooo 9 11 ooo 9 69 ooo 9 49 o+o 9 29 ooo 10 44 ooo 10 70 o-o 10 54 +oo 11 55 ooo 11 25 ooo 11 68 ooo 12 14 ooo 12 69 ooo 12 40 ooo 12 50 ooo 13 31 ooo 13 71 o++ 13 15 oo+ 13 51 ooo 14 52 ooo 14 68 ooo 14 42 ooo 15 53 ooo 15 70 ooo 15 27 ooo 16 52 ooo 16 75 ooo 16 18 ooo 16 36 ooo 17 19 ooo 17 73 ooo 17 53 oo+ 17 41 ooo 18 74 oo- 18 38 ooo 18 48 o+o 19 72 ooo 19 45 ooo 19 49 ooo 20 22 ooo 20 34 ooo 20 50 ooo 20 73 ooo 21 43 ooo 21 51 ooo 21 23 +oo 21 75 +o+ 22 54 ooo 22 32 ooo 22 72 ooo 23 55 ooo 23 47 ooo 23 74 ooo 24 62 ooo 24 26 ooo 24 74 ooo 25 27 -oo 25 63 ooo 25 72 o+o 26 73 ooo 26 60 oo+ 27 61 ooo 27 75 +oo 28 30 ooo 28 72 ooo 28 58 ooo 29 74 ooo 29 59 o+o 29 31 ooo 30 75 o-o 30 56 ooo 31 73 ooo 31 57 ooo 32 71 -oo 32 34 ooo 32 56 ooo 33 69 ooo 33 35 ooo 33 57 ooo 34 68 ooo 34 62 ooo 35 70 ooo 35 63 +oo 36 58 o+o 36 38 ooo 36 69 ooo 37 59 ooo 37 39 oo+ 37 71 oo+ 38 60 ooo 38 70 ooo 39 61 ooo 39 68 +oo 40 42 ooo 40 60 ooo 40 64 ooo 41 43 ooo 41 66 ooo 41 61 oo+ 42 67 oo- 42 56 ooo 43 57 ooo 43 65 ooo 44 58 ooo 44 46 ooo 44 66 ooo 45 47 o-o 45 59 ooo 45 64 oo+ 46 65 ooo 46 62 +oo 47 63 ooo 47 67 o+o 48 59 oo- 49 58 ooo 50 57 ooo 51 56 +++ 52 61 -oo 53 60 ooo 54 63 o-o 55 62 ooo ,74.02147056,cubic
+ w a DDO b OOO c OOO o C C C C C C C C 0 1 +oo 0 5 ooo 0 5 oo+ 0 3 ++o 1 2 --+ 1 4 ooo 1 4 oo+ 2 7 oo- 2 7 ooo 2 3 o+- 3 6 ooo 3 6 oo+ 4 6 ooo 4 7 ooo 5 6 ooo 5 7 ooo ,95.4,orthorhombic
o x b OOD g OOF o C C C C C C C C C C C C C C C C C C C C 0 6 ooo 0 13 oo+ 0 1 +o+ 0 8 +oo 1 12 oo- 1 5 ooo 1 9 ooo 2 17 -oo 2 12 o+- 2 8 oo- 2 16 ooo 3 15 ooo 3 4 ooo 3 7 ooo 3 5 +oo 4 19 ooo 4 14 ooo 4 6 ooo 5 6 -oo 5 18 ooo 6 17 ooo 7 11 ooo 7 17 o-o 7 12 +oo 8 9 oo+ 8 10 ooo 9 19 oo- 9 14 ooo 10 18 o+o 10 16 ooo 10 11 o+o 11 19 ooo 11 15 oo+ 12 18 ooo 13 14 ooo 13 15 o+o 13 17 ooo 14 16 ooo 15 16 o-o 18 19 ooo ,50.39189586,tetragonal
+ w b OOO g OOD c DDO o C C C C C C C C C C C C C C C C C C C C C C C C C C C C C C C C 0 31 -oo 0 2 -+o 0 18 oo- 0 7 ooo 1 15 ooo 1 3 -oo 1 4 ooo 1 30 ooo 2 5 ooo 2 16 oo- 2 29 +oo 3 28 ooo 3 6 ooo 3 13 ooo 4 6 --o 4 27 o-o 4 22 ooo 5 7 o-o 5 26 ooo 5 11 ooo 6 25 o+o 6 20 ooo 7 9 ooo 7 24 ooo 8 15 ooo 8 23 ooo 8 26 oo+ 8 10 ooo 9 12 ooo 9 22 o+o 9 11 o+o 10 21 ooo 10 13 ooo 10 24 oo+ 11 20 o-o 11 14 ooo 12 19 ooo 12 14 ooo 12 30 ooo 13 15 +oo 13 18 +oo 14 17 ooo 14 28 ooo 15 16 -oo 16 23 ooo 16 18 +-o 17 20 ooo 17 19 +oo 17 31 ooo 18 21 ooo 19 29 ooo 19 22 ooo 20 22 ++o 21 27 ooo 21 23 o+o 23 25 ooo 24 26 ooo 24 31 ooo 25 27 o-o 25 28 ooo 26 29 ooo 27 30 ooo 28 30 ooo 29 31 -oo ,65.87462246,tetragonal
o u a DDD b DDD g ODB c DOB h ODB + OBZ C C C C C C C C C C C C C C C C C C C C C C C C 0 6 o-o 0 10 ooo 0 11 ooo 0 18 +oo 1 7 o-o 1 19 ooo 1 10 ooo 1 11 ooo 2 4 -o+ 2 8 -oo 2 9 o++ 2 17 ooo 3 5 o-- 3 16 ooo 3 8 o-- 3 9 +oo 4 14 oo- 4 15 ooo 4 19 ooo 5 18 ooo 5 14 ooo 5 15 oo+ 6 12 ooo 6 17 ooo 6 13 ooo 7 16 -oo 7 12 ooo 7 13 ooo 8 22 ooo 8 14 ++o 9 23 ooo 9 15 ooo 10 21 ooo 10 12 +oo 11 20 o-o 11 13 +oo 12 23 o+o 13 22 ooo 14 21 ooo 15 20 ooo 16 19 ooo 16 18 +o- 17 18 ooo 17 19 o++ 20 22 ooo 20 23 ++o 21 23 ooo 21 22 ooo ,73.51548151,tetragonal
o z o C C C C C C C C C C C C C C C C C C C C C C C C C C C C C C C C C C C C C C C C C C C C C C C C C C C C C C 0 13 -oo 0 24 -oo 0 12 oo+ 0 41 ooo 1 5 ooo 1 37 ooo 1 24 ooo 1 46 +oo 2 48 ooo 2 41 ooo 2 7 ooo 2 50 ooo 3 16 ooo 3 18 o+- 3 44 ooo 3 15 o+o 4 8 oo+ 4 40 ooo 4 18 ooo 4 49 ooo 5 51 ooo 5 44 oo+ 5 53 +o+ 6 10 ooo 6 21 ooo 6 38 ooo 6 9 ooo 7 43 ooo 7 21 ooo 7 52 ooo 8 45 o-o 8 38 ooo 8 47 ooo 9 21 oo+ 9 50 ooo 9 22 ooo 10 28 ooo 10 46 o-o 10 14 ooo 11 50 ooo 11 16 ooo 11 32 ooo 11 30 ooo 12 24 -oo 12 53 ooo 12 25 ooo 13 31 ooo 13 49 ooo 13 17 oo+ 14 53 o-+ 14 35 oo+ 14 33 ooo 15 18 ooo 15 47 ooo 15 19 ooo 16 34 ooo 16 52 ooo 17 47 ooo 17 29 ooo 17 27 +oo 18 32 o-o 19 37 o-o 19 28 +oo 19 23 ooo 20 25 ooo 20 41 ooo 20 39 ooo 20 32 ooo 21 35 ooo 22 40 ooo 22 31 ooo 22 26 oo+ 23 44 o-+ 23 42 ooo 23 35 +o+ 24 29 ooo 25 43 ooo 25 34 ooo 26 38 ooo 26 36 ooo 26 29 ooo 27 42 -o- 27 48 ooo 27 43 ooo 28 48 ooo 28 35 ooo 29 31 ooo 30 36 ooo 30 51 ooo 30 37 ooo 31 51 ooo 32 34 oo+ 33 39 o-o 33 45 o-+ 33 40 ooo 34 45 ooo 36 52 ooo 36 51 oo- 37 44 ooo 38 40 ooo 39 46 ooo 39 45 ooo 41 43 oo+ 42 49 ooo 42 48 +oo 46 53 ooo 47 49 ooo 50 52 oo+ ,74.3927214,triclinic
o w n OOC b OOO e OOC o C C C C C C C C C C C C C C C 0 6 ooo 0 13 ooo 0 11 ooo 0 9 ooo 1 11 ooo 1 8 o-o 1 14 +oo 1 10 ooo 2 12 ooo 2 9 oo+ 2 10 ooo 2 7 +oo 3 6 ooo 3 13 o+o 3 8 ooo 3 9 ooo 4 14 ooo 4 7 ooo 4 11 o+o 4 8 ooo 5 10 -oo 5 7 ooo 5 12 ooo 5 6 oo+ 6 14 ooo 7 13 o++ 8 12 ooo 9 14 +oo 10 13 oo+ 11 12 ooo ,52.52971459,hexagonal
o w b OOO m OOO j DDO o C C C C C C C C C C C C C C C C C C C C C C C C 0 17 ooo 0 10 ooo 0 3 ooo 0 5 ooo 1 7 ooo 1 6 ooo 1 10 ooo 1 22 ooo 2 23 oo- 2 15 ooo 2 5 o-o 2 3 ooo 3 7 ooo 3 14 ooo 4 19 ooo 4 7 ooo 4 10 ooo 4 9 ooo 5 12 ooo 5 20 oo- 6 9 ooo 6 20 ooo 6 11 ooo 7 16 ooo 8 11 -oo 8 17 oo+ 8 9 ooo 8 18 ooo 9 23 ooo 10 13 ooo 11 21 ooo 11 14 oo+ 12 22 ooo 12 17 +oo 12 15 ++o 13 22 -oo 13 19 o+o 13 18 ooo 14 15 +oo 14 17 +oo 15 19 ooo 16 22 o-o 16 21 ooo 16 19 +oo 18 21 -+o 18 23 o+o 20 23 o+o 20 21 o+o ,67.7008276,tetragonal
o v b OOO c OOO d OOO e OOO o C C C C C C C C C C C C C C C C C C C C C C C C C C C C C C C C C C C C C C C C C C C C C C C C C C C C C C C C C C C C C C C C C C C C C C C C 0 5 ooo 0 36 ooo 0 13 ooo 0 9 o+o 1 24 ooo 1 61 oo+ 1 55 +oo 1 67 +oo 2 3 ooo 2 38 ooo 2 68 ooo 2 62 ooo 3 19 ooo 3 39 ooo 3 6 o-o 4 49 -oo 4 64 -oo 4 33 ooo 4 70 oo+ 5 65 ooo 5 71 ooo 5 41 ooo 6 45 ooo 6 22 ooo 6 11 ooo 7 58 -oo 7 61 -oo 7 67 oo- 7 27 ooo 8 68 ooo 8 62 ooo 8 9 ooo 8 47 ooo 9 16 ooo 9 42 ooo 10 30 ooo 10 64 oo- 10 70 +oo 10 52 +oo 11 44 ooo 11 65 ooo 11 71 ooo 12 25 ooo 12 17 ooo 12 66 ooo 12 21 oo+ 13 40 o+o 13 52 +oo 13 58 o+o 14 15 ooo 14 59 ooo 14 68 ooo 14 53 ooo 15 31 ooo 15 69 ooo 15 18 oo- 16 46 o-o 16 49 o-o 16 55 +oo 17 50 ooo 17 56 ooo 17 71 ooo 18 63 ooo 18 23 ooo 18 34 ooo 19 52 o-o 19 58 -oo 19 37 o-o 20 59 ooo 20 65 ooo 20 53 ooo 20 21 ooo 21 60 ooo 21 28 ooo 22 49 -oo 22 55 o+o 22 43 o+o 23 62 ooo 23 50 ooo 23 56 ooo 24 29 ooo 24 57 ooo 24 33 +oo 25 70 oo+ 25 43 o+o 25 37 oo+ 26 27 ooo 26 38 ooo 26 59 ooo 26 44 ooo 27 30 -oo 27 54 ooo 28 64 oo- 28 46 oo- 28 40 o+o 29 56 ooo 29 47 ooo 29 41 ooo 30 48 ooo 30 35 ooo 31 67 oo- 31 43 oo- 31 37 o-o 32 33 ooo 32 38 ooo 32 50 ooo 32 44 ooo 33 51 ooo 34 46 o-o 34 40 oo+ 34 61 oo+ 35 53 ooo 35 47 ooo 35 41 ooo 36 41 ooo 36 45 +oo 36 49 ooo 37 60 ooo 38 39 ooo 39 55 ooo 39 42 -oo 40 69 ooo 42 47 ooo 42 58 ooo 43 63 ooo 44 45 ooo 45 52 ooo 46 66 ooo 48 53 ooo 48 61 ooo 48 57 oo- 50 51 ooo 51 67 ooo 51 54 oo+ 54 70 ooo 54 59 ooo 56 57 ooo 57 64 ooo 60 65 ooo 60 69 o+o 62 63 ooo 63 66 o-o 66 71 ooo 68 69 ooo ,38.0855847,cubic
o w b OOD g DDF c DDF o C C C C C C C C C C C C C C C C C C C C 0 14 ooo 0 11 ooo 0 13 oo- 0 13 ooo 1 16 ooo 1 12 oo- 1 12 ooo 1 10 o+o 2 15 ooo 2 15 oo+ 2 9 ooo 2 12 ooo 3 8 o-o 3 14 ooo 3 14 oo+ 3 17 ooo 4 13 -oo 4 10 oo+ 4 9 ooo 4 9 oo+ 5 12 ooo 5 18 oo+ 5 8 ooo 5 8 oo+ 6 11 ooo 6 11 oo+ 6 8 ooo 6 15 +oo 7 10 ooo 7 10 oo+ 7 19 ooo 7 14 ooo 9 19 ooo 11 18 ooo 13 17 ooo 15 16 ooo 16 17 -+- 16 17 -+o 18 19 oo- 18 19 ooo ,73.8998838,tetragonal
+ v a DDD b DOD c ODD d OOO o C C C C C C C C C C C C C C C C C C C C C C C C C C C C C C C C C C C C 0 23 ooo 0 24 ooo 0 17 ooo 0 29 ooo 1 20 ooo 1 29 ooo 1 19 oo+ 1 25 ooo 2 25 oo- 2 18 o+o 2 28 ooo 2 22 +oo 3 28 -oo 3 24 ooo 3 16 ooo 3 21 o+o 4 21 ooo 4 25 ooo 4 15 ooo 4 26 ooo 5 27 ooo 5 25 ooo 5 12 ooo 5 23 +oo 6 27 -oo 6 14 o+o 6 24 ooo 6 22 oo+ 7 24 o-o 7 20 ooo 7 13 oo+ 7 26 ooo 8 13 ooo 8 19 ooo 8 28 ooo 8 27 ooo 9 16 ooo 9 29 ooo 9 27 ooo 9 15 o+o 10 29 o-o 10 26 ooo 10 18 oo+ 10 14 +oo 11 26 oo- 11 12 ooo 11 28 ooo 11 17 +oo 12 35 ooo 12 30 ooo 13 31 ooo 13 35 ooo 14 34 ooo 14 31 oo+ 15 30 ooo 15 34 +oo 16 32 ooo 16 31 ooo 17 31 ooo 17 33 ooo 18 30 ooo 18 33 +oo 19 32 ooo 19 30 o+o 20 33 ooo 20 34 ooo 21 33 ooo 21 35 ooo 22 32 ooo 22 35 o+o 23 34 ooo 23 32 oo+ ,66.95104731,cubic
+ w b OOO g OOD c OOD o C C C C C C C C C C C C C C C C C C C C C C 0 12 ooo 0 11 ooo 0 14 ooo 0 1 ooo 1 10 oo- 1 3 o+o 1 16 ooo 2 3 ooo 2 12 ooo 2 9 ooo 2 14 ooo 3 17 ooo 3 8 oo- 4 13 oo+ 4 5 ooo 4 8 ooo 4 10 ooo 5 7 -oo 5 12 ooo 5 18 ooo 6 8 ooo 6 10 ooo 6 7 ooo 6 15 oo+ 7 19 ooo 7 14 ooo 8 9 ooo 9 11 o-o 9 19 ooo 10 11 ooo 11 18 ooo 12 13 ooo 13 15 -oo 13 17 ooo 14 15 ooo 15 16 ooo 16 21 ++- 16 20 ++o 17 21 oo- 17 20 ooo 18 20 o+o 18 21 o+o 19 20 +oo 19 21 +oo ,70.35292758,tetragonal
o w b OOD g OOF c OOO o C C C C C C C C C C C C C C C C C C C C 0 15 -oo 0 11 ooo 0 14 ooo 1 10 ooo 1 13 oo+ 1 14 o-o 1 16 oo+ 2 9 ooo 2 12 ooo 2 13 +oo 3 17 ooo 3 12 o+o 3 8 ooo 3 15 ooo 4 11 o-o 4 13 ooo 4 10 ooo 5 12 ooo 5 9 oo+ 5 18 ooo 5 10 +oo 6 15 oo- 6 8 ooo 6 9 o+o 7 8 -oo 7 19 ooo 7 14 oo- 7 11 ooo 9 16 ooo 11 17 ooo 13 19 ooo 15 18 ooo 16 19 ooo 16 18 oo- 17 19 ooo 17 18 ooo ,53.83485592,tetragonal
+ w b OOO g OOD c OOD o C C C C C C C C C C C C C C C C C C C C C C C C C C C C C C C C 0 15 ooo 0 5 ooo 0 28 +oo 0 9 oo+ 1 29 ooo 1 14 ooo 1 4 ooo 1 8 oo+ 2 13 ooo 2 30 o+o 2 6 ooo 2 11 ooo 3 7 ooo 3 31 ooo 3 12 ooo 3 10 ooo 4 28 ooo 4 13 ooo 4 11 ooo 5 10 ooo 5 29 +oo 5 12 ooo 6 9 ooo 6 15 oo- 6 31 o+o 7 30 ooo 7 8 ooo 7 14 oo- 8 24 ooo 8 13 ooo 9 12 ooo 9 25 +oo 10 14 ooo 10 26 ooo 11 27 o+o 11 15 ooo 12 24 +oo 13 25 ooo 14 27 ooo 15 26 o+o 16 28 oo- 16 25 ooo 16 22 -+o 16 23 ooo 17 22 ooo 17 23 +-o 17 29 +o- 17 24 +oo 18 20 --o 18 21 ooo 18 30 ooo 18 27 ooo 19 31 o+o 19 26 o+o 19 20 ooo 19 21 ++o 20 25 +oo 20 28 +oo 21 24 ooo 21 29 ooo 22 26 oo- 22 31 ooo 23 27 o+- 23 30 o+o ,55.06384056,tetragonal
o z o C C C C C C C C C C C C C C C C C C C C C C C C C C C C 0 21 ooo 0 27 ooo 0 17 ooo 0 22 o+o 1 7 -o- 1 20 -oo 1 10 ooo 1 21 ooo 2 15 ooo 2 19 ooo 2 20 ooo 2 27 +oo 3 19 o-o 3 14 oo+ 3 26 oo+ 3 18 ooo 4 18 -oo 4 7 -oo 4 23 ooo 4 10 ooo 5 26 -oo 5 23 oo- 5 22 ooo 5 12 ooo 6 24 ooo 6 16 ooo 6 15 oo- 6 20 ooo 7 14 oo+ 7 15 ooo 8 13 ooo 8 24 ooo 8 18 ooo 8 14 ooo 9 23 ooo 9 12 ooo 9 13 ooo 9 25 oo+ 10 12 ooo 10 17 ooo 11 17 ooo 11 21 oo+ 11 25 oo+ 11 16 oo+ 12 25 ooo 13 22 ooo 13 19 o-o 14 25 ooo 15 24 ooo 16 22 o+o 16 19 oo- 17 24 ooo 18 26 ooo 20 26 o+o 21 27 oo- 23 27 o-o ,73.31414647,triclinic
+ w a ECC n OOO e OOD o C C C C C C C C C C C C C C C C C C C C C C C C C C C C 0 15 ooo 0 21 ooo 0 14 o+o 0 16 +oo 1 16 ooo 1 24 o+o 1 20 ooo 1 13 o+- 2 17 ooo 2 16 oo+ 2 12 o+o 2 19 ooo 3 12 ooo 3 15 -o+ 3 24 oo+ 3 18 ooo 4 13 ooo 4 14 oo+ 4 23 ooo 4 12 +oo 5 14 ooo 5 22 ooo 5 17 +-o 5 24 +oo 6 22 ooo 6 20 ooo 6 15 ooo 6 21 ooo 7 19 o-o 7 25 ooo 7 14 ooo 7 22 ooo 8 18 ooo 8 22 ooo 8 13 ooo 8 23 ooo 9 12 ooo 9 21 -oo 9 25 ooo 9 18 ooo 10 18 ooo 10 17 ooo 10 20 ooo 10 19 ooo 11 25 ooo 11 16 ooo 11 23 oo- 11 20 ooo 13 26 o-o 15 26 oo- 17 26 -oo 19 27 ooo 21 27 ooo 23 27 ooo 24 25 ooo 26 27 ooo ,67.73327692,trigonal
